Patient.ID	Tumor.fastq.ID	bg.ploidy	Tumor.purity	CHR	START	END	CNa	CNb	CNt
CA1033T	CA1033TDNA	4	0.45497591	chr1	1	121700001	2	2	4
CA1033T	CA1033TDNA	4	0.45497591	chr1	125100000	248956423	2	2	4
CA1033T	CA1033TDNA	4	0.45497591	chr2	1	91800001	4	2	6
CA1033T	CA1033TDNA	4	0.45497591	chr2	96000000	242193530	4	2	6
CA1033T	CA1033TDNA	4	0.45497591	chr3	1	87609712	2	2	4
CA1033T	CA1033TDNA	4	0.45497591	chr3	94915399	195781176	2	2	4
CA1033T	CA1033TDNA	4	0.45497591	chr3	195781176	198295560	4	2	6
CA1033T	CA1033TDNA	4	0.45497591	chr4	1	48200001	2	2	4
CA1033T	CA1033TDNA	4	0.45497591	chr4	51800000	190214556	2	2	4
CA1033T	CA1033TDNA	4	0.45497591	chr5	1	46100001	2	2	4
CA1033T	CA1033TDNA	4	0.45497591	chr5	52125605	181538260	2	2	4
CA1033T	CA1033TDNA	4	0.45497591	chr6	1	58500001	2	2	4
CA1033T	CA1033TDNA	4	0.45497591	chr6	62600000	170805980	2	2	4
CA1033T	CA1033TDNA	4	0.45497591	chr7	1	58100001	4	2	6
CA1033T	CA1033TDNA	4	0.45497591	chr7	62100000	159345974	4	2	6
CA1033T	CA1033TDNA	4	0.45497591	chr8	1	6865847	5	0	5
CA1033T	CA1033TDNA	4	0.45497591	chr8	6865847	8703246	4	2	6
CA1033T	CA1033TDNA	4	0.45497591	chr8	8703246	43200001	5	0	5
CA1033T	CA1033TDNA	4	0.45497591	chr8	47200000	130113950	4	2	6
CA1033T	CA1033TDNA	4	0.45497591	chr8	130113950	145138637	5	0	5
CA1033T	CA1033TDNA	4	0.45497591	chr9	1	42200001	2	2	4
CA1033T	CA1033TDNA	4	0.45497591	chr9	53022334	138394718	2	2	4
CA1033T	CA1033TDNA	4	0.45497591	chr10	1	37789901	2	2	4
CA1033T	CA1033TDNA	4	0.45497591	chr10	41600000	133797423	2	2	4
CA1033T	CA1033TDNA	4	0.45497591	chr11	1	1232399	2	2	4
CA1033T	CA1033TDNA	4	0.45497591	chr11	1232399	1248524	4	2	6
CA1033T	CA1033TDNA	4	0.45497591	chr11	1248524	51000001	2	2	4
CA1033T	CA1033TDNA	4	0.45497591	chr11	55808149	135086623	2	2	4
CA1033T	CA1033TDNA	4	0.45497591	chr12	1	33200001	5	0	5
CA1033T	CA1033TDNA	4	0.45497591	chr12	37800000	133275310	5	0	5
CA1033T	CA1033TDNA	4	0.45497591	chr13	19023963	114364329	2	2	4
CA1033T	CA1033TDNA	4	0.45497591	chr14	18200000	107043719	2	2	4
CA1033T	CA1033TDNA	4	0.45497591	chr15	20500000	101991190	2	2	4
CA1033T	CA1033TDNA	4	0.45497591	chr16	1	35300001	2	2	4
CA1033T	CA1033TDNA	4	0.45497591	chr16	40487382	90338346	2	2	4
CA1033T	CA1033TDNA	4	0.45497591	chr17	1	22700001	2	2	4
CA1033T	CA1033TDNA	4	0.45497591	chr17	27400000	83257442	2	2	4
CA1033T	CA1033TDNA	4	0.45497591	chr18	1	15400001	4	2	6
CA1033T	CA1033TDNA	4	0.45497591	chr18	22224172	80373286	4	2	6
CA1033T	CA1033TDNA	4	0.45497591	chr19	1	8513722	2	2	4
CA1033T	CA1033TDNA	4	0.45497591	chr19	8513722	9008646	4	2	6
CA1033T	CA1033TDNA	4	0.45497591	chr19	9008646	24200001	2	2	4
CA1033T	CA1033TDNA	4	0.45497591	chr19	28100000	58617617	2	2	4
CA1033T	CA1033TDNA	4	0.45497591	chr20	1	25631364	2	2	4
CA1033T	CA1033TDNA	4	0.45497591	chr20	30484778	64444168	2	2	4
CA1033T	CA1033TDNA	4	0.45497591	chr21	1	10900001	2	2	4
CA1033T	CA1033TDNA	4	0.45497591	chr21	13000000	46709984	2	2	4
CA1033T	CA1033TDNA	4	0.45497591	chr22	1	13700001	2	2	4
CA1033T	CA1033TDNA	4	0.45497591	chr22	17400000	50818469	2	2	4
DM04	MQ220525-017	2	0.28354111	chr1	1	121700001	1	1	2
DM04	MQ220525-017	2	0.28354111	chr1	132300912	248956423	1	1	2
DM04	MQ220525-017	2	0.28354111	chr2	1	91800001	1	1	2
DM04	MQ220525-017	2	0.28354111	chr2	96049120	242193530	1	1	2
DM04	MQ220525-017	2	0.28354111	chr3	1	87797025	1	1	2
DM04	MQ220525-017	2	0.28354111	chr3	94243812	198295560	1	1	2
DM04	MQ220525-017	2	0.28354111	chr4	1	48168727	1	1	2
DM04	MQ220525-017	2	0.28354111	chr4	51800000	155214700	1	1	2
DM04	MQ220525-017	2	0.28354111	chr4	155214700	190214556	4	2	6
DM04	MQ220525-017	2	0.28354111	chr5	1	46100001	1	1	2
DM04	MQ220525-017	2	0.28354111	chr5	52095363	181538260	1	1	2
DM04	MQ220525-017	2	0.28354111	chr6	1	58500001	1	1	2
DM04	MQ220525-017	2	0.28354111	chr6	63048099	170805980	1	1	2
DM04	MQ220525-017	2	0.28354111	chr7	1	58100001	1	1	2
DM04	MQ220525-017	2	0.28354111	chr7	62100000	159345974	1	1	2
DM04	MQ220525-017	2	0.28354111	chr8	1	43001561	3	3	6
DM04	MQ220525-017	2	0.28354111	chr8	47200000	145138637	3	3	6
DM04	MQ220525-017	2	0.28354111	chr9	1	42200001	4	2	6
DM04	MQ220525-017	2	0.28354111	chr9	51766133	138394718	1	1	2
DM04	MQ220525-017	2	0.28354111	chr10	1	37990655	1	1	2
DM04	MQ220525-017	2	0.28354111	chr10	41600000	133797423	1	1	2
DM04	MQ220525-017	2	0.28354111	chr11	1	51000001	1	1	2
DM04	MQ220525-017	2	0.28354111	chr11	55808149	135086623	1	1	2
DM04	MQ220525-017	2	0.28354111	chr12	1	33200001	1	1	2
DM04	MQ220525-017	2	0.28354111	chr12	37800000	133275310	1	1	2
DM04	MQ220525-017	2	0.28354111	chr13	18930035	114364329	1	1	2
DM04	MQ220525-017	2	0.28354111	chr14	18200000	107043719	1	1	2
DM04	MQ220525-017	2	0.28354111	chr15	20500000	101991190	1	1	2
DM04	MQ220525-017	2	0.28354111	chr16	1	35300001	1	1	2
DM04	MQ220525-017	2	0.28354111	chr16	40481429	90338346	1	1	2
DM04	MQ220525-017	2	0.28354111	chr17	1	22700001	1	1	2
DM04	MQ220525-017	2	0.28354111	chr17	27400000	83257442	1	1	2
DM04	MQ220525-017	2	0.28354111	chr18	1	15400001	1	1	2
DM04	MQ220525-017	2	0.28354111	chr18	21512606	80373286	1	1	2
DM04	MQ220525-017	2	0.28354111	chr19	1	24200001	1	1	2
DM04	MQ220525-017	2	0.28354111	chr19	28684677	58617617	1	1	2
DM04	MQ220525-017	2	0.28354111	chr20	1	25632007	1	1	2
DM04	MQ220525-017	2	0.28354111	chr20	30441171	64444168	1	1	2
DM04	MQ220525-017	2	0.28354111	chr21	1	10900001	1	1	2
DM04	MQ220525-017	2	0.28354111	chr21	13000000	46709984	1	1	2
DM04	MQ220525-017	2	0.28354111	chr22	1	13700001	1	1	2
DM04	MQ220525-017	2	0.28354111	chr22	17400000	50818469	1	1	2
DM06	MQ220525-018	2	0.24389135	chr1	1	121700001	1	1	2
DM06	MQ220525-018	2	0.24389135	chr1	125100000	248956423	1	1	2
DM06	MQ220525-018	2	0.24389135	chr2	1	91800001	1	1	2
DM06	MQ220525-018	2	0.24389135	chr2	96000000	242193530	1	1	2
DM06	MQ220525-018	2	0.24389135	chr3	1	87800001	1	1	2
DM06	MQ220525-018	2	0.24389135	chr3	94000000	198295560	2	2	4
DM06	MQ220525-018	2	0.24389135	chr4	1	48200001	1	1	2
DM06	MQ220525-018	2	0.24389135	chr4	51800000	190214556	1	1	2
DM06	MQ220525-018	2	0.24389135	chr5	1	46100001	1	1	2
DM06	MQ220525-018	2	0.24389135	chr5	51851187	181538260	1	1	2
DM06	MQ220525-018	2	0.24389135	chr6	1	27261515	1	1	2
DM06	MQ220525-018	2	0.24389135	chr6	27261515	33128337	2	2	4
DM06	MQ220525-018	2	0.24389135	chr6	33128337	58500001	1	1	2
DM06	MQ220525-018	2	0.24389135	chr6	62694365	170805980	1	1	2
DM06	MQ220525-018	2	0.24389135	chr7	1	58100001	1	1	2
DM06	MQ220525-018	2	0.24389135	chr7	62100000	159345974	1	1	2
DM06	MQ220525-018	2	0.24389135	chr8	1	43200001	2	2	4
DM06	MQ220525-018	2	0.24389135	chr8	47260701	145138637	2	2	4
DM06	MQ220525-018	2	0.24389135	chr9	1	42044713	1	1	2
DM06	MQ220525-018	2	0.24389135	chr9	52893371	138394718	1	1	2
DM06	MQ220525-018	2	0.24389135	chr10	1	37064890	1	1	2
DM06	MQ220525-018	2	0.24389135	chr10	41600000	133797423	1	1	2
DM06	MQ220525-018	2	0.24389135	chr11	1	51000001	1	1	2
DM06	MQ220525-018	2	0.24389135	chr11	55800000	135086623	1	1	2
DM06	MQ220525-018	2	0.24389135	chr12	1	33200001	1	1	2
DM06	MQ220525-018	2	0.24389135	chr12	37802155	133275310	1	1	2
DM06	MQ220525-018	2	0.24389135	chr13	18926998	114364329	1	1	2
DM06	MQ220525-018	2	0.24389135	chr14	18200000	107043719	1	1	2
DM06	MQ220525-018	2	0.24389135	chr15	20500000	40293190	2	2	4
DM06	MQ220525-018	2	0.24389135	chr15	40293190	101991190	1	0	1
DM06	MQ220525-018	2	0.24389135	chr16	1	35300001	1	1	2
DM06	MQ220525-018	2	0.24389135	chr16	40490783	90338346	1	1	2
DM06	MQ220525-018	2	0.24389135	chr17	1	22700001	1	1	2
DM06	MQ220525-018	2	0.24389135	chr17	27400000	83257442	1	1	2
DM06	MQ220525-018	2	0.24389135	chr18	1	15400001	1	1	2
DM06	MQ220525-018	2	0.24389135	chr18	21822137	80373286	1	1	2
DM06	MQ220525-018	2	0.24389135	chr19	1	20370021	1	1	2
DM06	MQ220525-018	2	0.24389135	chr19	20370021	24200001	2	2	4
DM06	MQ220525-018	2	0.24389135	chr19	28100000	52605806	1	1	2
DM06	MQ220525-018	2	0.24389135	chr19	52605806	55074573	2	2	4
DM06	MQ220525-018	2	0.24389135	chr19	55074573	58617617	1	1	2
DM06	MQ220525-018	2	0.24389135	chr20	1	25639472	1	1	2
DM06	MQ220525-018	2	0.24389135	chr20	30443607	64444168	1	1	2
DM06	MQ220525-018	2	0.24389135	chr21	1	10900001	2	2	4
DM06	MQ220525-018	2	0.24389135	chr21	13000000	46709984	1	1	2
DM06	MQ220525-018	2	0.24389135	chr22	1	13700001	2	2	4
DM06	MQ220525-018	2	0.24389135	chr22	17400000	50818469	1	1	2
DM08	MQ220525-019	2	0.1	chr1	1	121700001	1	1	2
DM08	MQ220525-019	2	0.1	chr1	125100000	248956423	1	1	2
DM08	MQ220525-019	2	0.1	chr2	1	91800001	1	1	2
DM08	MQ220525-019	2	0.1	chr2	96000000	242193530	1	1	2
DM08	MQ220525-019	2	0.1	chr3	1	87800001	1	1	2
DM08	MQ220525-019	2	0.1	chr3	94190766	198295560	1	1	2
DM08	MQ220525-019	2	0.1	chr4	1	48200001	1	1	2
DM08	MQ220525-019	2	0.1	chr4	51800000	190214556	1	1	2
DM08	MQ220525-019	2	0.1	chr5	1	46100001	1	1	2
DM08	MQ220525-019	2	0.1	chr5	52108698	181538260	1	1	2
DM08	MQ220525-019	2	0.1	chr6	1	58500001	1	1	2
DM08	MQ220525-019	2	0.1	chr6	62870449	170805980	1	1	2
DM08	MQ220525-019	2	0.1	chr7	1	58100001	1	1	2
DM08	MQ220525-019	2	0.1	chr7	62100000	159345974	1	1	2
DM08	MQ220525-019	2	0.1	chr8	1	43200001	1	1	2
DM08	MQ220525-019	2	0.1	chr8	47306223	145138637	1	1	2
DM08	MQ220525-019	2	0.1	chr9	1	42200001	1	1	2
DM08	MQ220525-019	2	0.1	chr9	53033929	138394718	1	1	2
DM08	MQ220525-019	2	0.1	chr10	1	37076315	1	1	2
DM08	MQ220525-019	2	0.1	chr10	41600000	133797423	1	1	2
DM08	MQ220525-019	2	0.1	chr11	1	51000001	1	1	2
DM08	MQ220525-019	2	0.1	chr11	55804183	135086623	1	1	2
DM08	MQ220525-019	2	0.1	chr12	1	33200001	1	1	2
DM08	MQ220525-019	2	0.1	chr12	37800000	133275310	1	1	2
DM08	MQ220525-019	2	0.1	chr13	18939458	114364329	1	1	2
DM08	MQ220525-019	2	0.1	chr14	18200000	107043719	1	1	2
DM08	MQ220525-019	2	0.1	chr15	20508977	101991190	1	1	2
DM08	MQ220525-019	2	0.1	chr16	1	35300001	1	1	2
DM08	MQ220525-019	2	0.1	chr16	41244264	90338346	1	1	2
DM08	MQ220525-019	2	0.1	chr17	1	22700001	1	1	2
DM08	MQ220525-019	2	0.1	chr17	27400000	83257442	1	1	2
DM08	MQ220525-019	2	0.1	chr18	1	15400001	1	1	2
DM08	MQ220525-019	2	0.1	chr18	21533444	80373286	1	1	2
DM08	MQ220525-019	2	0.1	chr19	1	24200001	1	1	2
DM08	MQ220525-019	2	0.1	chr19	28100000	58617617	1	1	2
DM08	MQ220525-019	2	0.1	chr20	1	25700001	1	1	2
DM08	MQ220525-019	2	0.1	chr20	30469389	64444168	1	1	2
DM08	MQ220525-019	2	0.1	chr21	1	10900001	1	1	2
DM08	MQ220525-019	2	0.1	chr21	13000000	46709984	1	1	2
DM08	MQ220525-019	2	0.1	chr22	1	13700001	1	1	2
DM08	MQ220525-019	2	0.1	chr22	17400000	50818469	1	1	2
DM09	MQ220525-020	2	0.1752647	chr1	1	121700001	1	1	2
DM09	MQ220525-020	2	0.1752647	chr1	125100000	248956423	1	1	2
DM09	MQ220525-020	2	0.1752647	chr2	1	91800001	2	2	4
DM09	MQ220525-020	2	0.1752647	chr2	96224995	242193530	1	1	2
DM09	MQ220525-020	2	0.1752647	chr3	1	87781585	1	1	2
DM09	MQ220525-020	2	0.1752647	chr3	94000000	198295560	1	1	2
DM09	MQ220525-020	2	0.1752647	chr4	1	48200001	1	1	2
DM09	MQ220525-020	2	0.1752647	chr4	51800000	190214556	1	1	2
DM09	MQ220525-020	2	0.1752647	chr5	1	46100001	1	1	2
DM09	MQ220525-020	2	0.1752647	chr5	52110259	181538260	1	1	2
DM09	MQ220525-020	2	0.1752647	chr6	1	29745354	1	1	2
DM09	MQ220525-020	2	0.1752647	chr6	29745354	36959148	2	2	4
DM09	MQ220525-020	2	0.1752647	chr6	36959148	58500001	1	1	2
DM09	MQ220525-020	2	0.1752647	chr6	62694365	170805980	1	1	2
DM09	MQ220525-020	2	0.1752647	chr7	1	58100001	1	1	2
DM09	MQ220525-020	2	0.1752647	chr7	62100000	159345974	1	1	2
DM09	MQ220525-020	2	0.1752647	chr8	1	43196153	1	1	2
DM09	MQ220525-020	2	0.1752647	chr8	47200000	145138637	1	1	2
DM09	MQ220525-020	2	0.1752647	chr9	1	42200001	1	1	2
DM09	MQ220525-020	2	0.1752647	chr9	52915031	138394718	1	1	2
DM09	MQ220525-020	2	0.1752647	chr10	1	37127167	1	1	2
DM09	MQ220525-020	2	0.1752647	chr10	41600000	133797423	1	1	2
DM09	MQ220525-020	2	0.1752647	chr11	1	51000001	1	1	2
DM09	MQ220525-020	2	0.1752647	chr11	55800000	135086623	1	1	2
DM09	MQ220525-020	2	0.1752647	chr12	1	33200001	1	1	2
DM09	MQ220525-020	2	0.1752647	chr12	37800000	133275310	1	1	2
DM09	MQ220525-020	2	0.1752647	chr13	18971704	114364329	1	1	2
DM09	MQ220525-020	2	0.1752647	chr14	18200000	107043719	1	1	2
DM09	MQ220525-020	2	0.1752647	chr15	20500000	101991190	1	1	2
DM09	MQ220525-020	2	0.1752647	chr16	1	34961790	1	1	2
DM09	MQ220525-020	2	0.1752647	chr16	40861567	90338346	1	1	2
DM09	MQ220525-020	2	0.1752647	chr17	1	22700001	1	1	2
DM09	MQ220525-020	2	0.1752647	chr17	27400000	83257442	1	1	2
DM09	MQ220525-020	2	0.1752647	chr18	1	15400001	1	1	2
DM09	MQ220525-020	2	0.1752647	chr18	21500000	80373286	1	1	2
DM09	MQ220525-020	2	0.1752647	chr19	1	24200001	1	1	2
DM09	MQ220525-020	2	0.1752647	chr19	28100000	58617617	1	1	2
DM09	MQ220525-020	2	0.1752647	chr20	1	25700001	1	1	2
DM09	MQ220525-020	2	0.1752647	chr20	30441202	64444168	1	1	2
DM09	MQ220525-020	2	0.1752647	chr21	1	10900001	2	2	4
DM09	MQ220525-020	2	0.1752647	chr21	13000000	46709984	1	1	2
DM09	MQ220525-020	2	0.1752647	chr22	1	13700001	2	2	4
DM09	MQ220525-020	2	0.1752647	chr22	17400000	50818469	1	1	2
DM10	MQ220525-021	2	0.82347641	chr1	1	53393075	2	0	2
DM10	MQ220525-021	2	0.82347641	chr1	53393075	121700001	1	1	2
DM10	MQ220525-021	2	0.82347641	chr1	125100000	248956423	1	1	2
DM10	MQ220525-021	2	0.82347641	chr2	1	91795526	1	1	2
DM10	MQ220525-021	2	0.82347641	chr2	96000000	242193530	1	1	2
DM10	MQ220525-021	2	0.82347641	chr3	1	87800001	1	1	2
DM10	MQ220525-021	2	0.82347641	chr3	94533216	198295560	1	1	2
DM10	MQ220525-021	2	0.82347641	chr4	1	48200001	1	1	2
DM10	MQ220525-021	2	0.82347641	chr4	51800000	190214556	1	1	2
DM10	MQ220525-021	2	0.82347641	chr5	1	46100001	1	1	2
DM10	MQ220525-021	2	0.82347641	chr5	51829675	181538260	1	1	2
DM10	MQ220525-021	2	0.82347641	chr6	1	58500001	1	1	2
DM10	MQ220525-021	2	0.82347641	chr6	62600000	170805980	1	1	2
DM10	MQ220525-021	2	0.82347641	chr7	1	58100001	1	1	2
DM10	MQ220525-021	2	0.82347641	chr7	62100000	159345974	1	1	2
DM10	MQ220525-021	2	0.82347641	chr8	1	43200001	1	1	2
DM10	MQ220525-021	2	0.82347641	chr8	47200000	145138637	1	1	2
DM10	MQ220525-021	2	0.82347641	chr9	1	42200001	1	1	2
DM10	MQ220525-021	2	0.82347641	chr9	51838121	138394718	1	1	2
DM10	MQ220525-021	2	0.82347641	chr10	1	37956554	1	1	2
DM10	MQ220525-021	2	0.82347641	chr10	41600000	133797423	1	1	2
DM10	MQ220525-021	2	0.82347641	chr11	1	51000001	1	1	2
DM10	MQ220525-021	2	0.82347641	chr11	55808202	135086623	1	1	2
DM10	MQ220525-021	2	0.82347641	chr12	1	33200001	1	1	2
DM10	MQ220525-021	2	0.82347641	chr12	37800000	133275310	1	1	2
DM10	MQ220525-021	2	0.82347641	chr13	18900000	114364329	1	1	2
DM10	MQ220525-021	2	0.82347641	chr14	18200000	107043719	1	1	2
DM10	MQ220525-021	2	0.82347641	chr15	20500000	101991190	1	1	2
DM10	MQ220525-021	2	0.82347641	chr16	1	35300001	1	1	2
DM10	MQ220525-021	2	0.82347641	chr16	40490681	90338346	1	1	2
DM10	MQ220525-021	2	0.82347641	chr17	1	22700001	1	1	2
DM10	MQ220525-021	2	0.82347641	chr17	27414993	83257442	1	1	2
DM10	MQ220525-021	2	0.82347641	chr18	1	15400001	1	1	2
DM10	MQ220525-021	2	0.82347641	chr18	21500000	80373286	1	1	2
DM10	MQ220525-021	2	0.82347641	chr19	1	24200001	1	1	2
DM10	MQ220525-021	2	0.82347641	chr19	28100000	58617617	1	1	2
DM10	MQ220525-021	2	0.82347641	chr20	1	25639472	1	1	2
DM10	MQ220525-021	2	0.82347641	chr20	30487432	64444168	1	1	2
DM10	MQ220525-021	2	0.82347641	chr21	1	10900001	1	1	2
DM10	MQ220525-021	2	0.82347641	chr21	13000000	46709984	1	1	2
DM10	MQ220525-021	2	0.82347641	chr22	1	13700001	2	0	2
DM10	MQ220525-021	2	0.82347641	chr22	17559978	50818469	1	1	2
DM11	MQ220525-022	4	0.6341519	chr1	1	121700001	2	0	2
DM11	MQ220525-022	4	0.6341519	chr1	125100000	248956423	4	2	6
DM11	MQ220525-022	4	0.6341519	chr2	1	91794886	2	2	4
DM11	MQ220525-022	4	0.6341519	chr2	96073613	242193530	2	2	4
DM11	MQ220525-022	4	0.6341519	chr3	1	87685241	2	1	3
DM11	MQ220525-022	4	0.6341519	chr3	95558486	198295560	2	1	3
DM11	MQ220525-022	4	0.6341519	chr4	1	48179095	1	1	2
DM11	MQ220525-022	4	0.6341519	chr4	51800000	190214556	1	1	2
DM11	MQ220525-022	4	0.6341519	chr5	1	46100001	2	2	4
DM11	MQ220525-022	4	0.6341519	chr5	51400000	181538260	2	2	4
DM11	MQ220525-022	4	0.6341519	chr6	1	58500001	2	1	3
DM11	MQ220525-022	4	0.6341519	chr6	62702361	170805980	2	1	3
DM11	MQ220525-022	4	0.6341519	chr7	1	58100001	2	2	4
DM11	MQ220525-022	4	0.6341519	chr7	62100000	159345974	2	2	4
DM11	MQ220525-022	4	0.6341519	chr8	1	43200001	1	1	2
DM11	MQ220525-022	4	0.6341519	chr8	47200000	145138637	1	1	2
DM11	MQ220525-022	4	0.6341519	chr9	1	42200001	2	0	2
DM11	MQ220525-022	4	0.6341519	chr9	52856413	138394718	2	0	2
DM11	MQ220525-022	4	0.6341519	chr10	1	37967340	2	2	4
DM11	MQ220525-022	4	0.6341519	chr10	41600000	133797423	2	2	4
DM11	MQ220525-022	4	0.6341519	chr11	1	51000001	1	1	2
DM11	MQ220525-022	4	0.6341519	chr11	55803944	135086623	1	1	2
DM11	MQ220525-022	4	0.6341519	chr12	1	33200001	2	1	3
DM11	MQ220525-022	4	0.6341519	chr12	37800000	133275310	2	1	3
DM11	MQ220525-022	4	0.6341519	chr13	18955101	114364329	2	2	4
DM11	MQ220525-022	4	0.6341519	chr14	18200000	107043719	2	1	3
DM11	MQ220525-022	4	0.6341519	chr15	20500000	101991190	2	1	3
DM11	MQ220525-022	4	0.6341519	chr16	1	35300001	1	1	2
DM11	MQ220525-022	4	0.6341519	chr16	41243817	90338346	1	1	2
DM11	MQ220525-022	4	0.6341519	chr17	1	22700001	2	1	3
DM11	MQ220525-022	4	0.6341519	chr17	27400000	83257442	2	1	3
DM11	MQ220525-022	4	0.6341519	chr18	1	15400001	2	1	3
DM11	MQ220525-022	4	0.6341519	chr18	21500000	80373286	2	1	3
DM11	MQ220525-022	4	0.6341519	chr19	1	24200001	2	2	4
DM11	MQ220525-022	4	0.6341519	chr19	28735460	58617617	2	2	4
DM11	MQ220525-022	4	0.6341519	chr20	1	25632024	2	2	4
DM11	MQ220525-022	4	0.6341519	chr20	30535590	64444168	2	2	4
DM11	MQ220525-022	4	0.6341519	chr21	1	10900001	2	1	3
DM11	MQ220525-022	4	0.6341519	chr21	13000000	46709984	2	2	4
DM11	MQ220525-022	4	0.6341519	chr22	1	13700001	2	2	4
DM11	MQ220525-022	4	0.6341519	chr22	17400000	50818469	2	1	3
DM12	MQ220525-023	2	0.3439872	chr1	1	121700001	2	0	2
DM12	MQ220525-023	2	0.3439872	chr1	125100000	248956423	3	1	4
DM12	MQ220525-023	2	0.3439872	chr2	1	91794929	1	1	2
DM12	MQ220525-023	2	0.3439872	chr2	96000000	242193530	1	1	2
DM12	MQ220525-023	2	0.3439872	chr3	1	87800001	1	1	2
DM12	MQ220525-023	2	0.3439872	chr3	95088334	195621342	1	1	2
DM12	MQ220525-023	2	0.3439872	chr3	195621342	198295560	3	1	4
DM12	MQ220525-023	2	0.3439872	chr4	1	48200001	1	1	2
DM12	MQ220525-023	2	0.3439872	chr4	51800000	190214556	1	1	2
DM12	MQ220525-023	2	0.3439872	chr5	1	46100001	1	1	2
DM12	MQ220525-023	2	0.3439872	chr5	51849273	181538260	1	1	2
DM12	MQ220525-023	2	0.3439872	chr6	1	58500001	3	1	4
DM12	MQ220525-023	2	0.3439872	chr6	62744109	170805980	2	0	2
DM12	MQ220525-023	2	0.3439872	chr7	1	58100001	1	1	2
DM12	MQ220525-023	2	0.3439872	chr7	62100000	159345974	1	1	2
DM12	MQ220525-023	2	0.3439872	chr8	1	42865949	1	1	2
DM12	MQ220525-023	2	0.3439872	chr8	47209094	143871019	3	1	4
DM12	MQ220525-023	2	0.3439872	chr8	143871019	145138637	2	0	2
DM12	MQ220525-023	2	0.3439872	chr9	1	42200001	1	1	2
DM12	MQ220525-023	2	0.3439872	chr9	52921503	138394718	1	1	2
DM12	MQ220525-023	2	0.3439872	chr10	1	37928773	1	1	2
DM12	MQ220525-023	2	0.3439872	chr10	41600000	133797423	1	1	2
DM12	MQ220525-023	2	0.3439872	chr11	1	51000001	1	1	2
DM12	MQ220525-023	2	0.3439872	chr11	55800000	135086623	1	1	2
DM12	MQ220525-023	2	0.3439872	chr12	1	9402631	1	1	2
DM12	MQ220525-023	2	0.3439872	chr12	9402631	12396464	3	1	4
DM12	MQ220525-023	2	0.3439872	chr12	12396464	33191956	1	1	2
DM12	MQ220525-023	2	0.3439872	chr12	37802788	133275310	1	1	2
DM12	MQ220525-023	2	0.3439872	chr13	19010732	114364329	1	1	2
DM12	MQ220525-023	2	0.3439872	chr14	18200000	107043719	1	1	2
DM12	MQ220525-023	2	0.3439872	chr15	20500000	101991190	1	1	2
DM12	MQ220525-023	2	0.3439872	chr16	1	35300001	1	1	2
DM12	MQ220525-023	2	0.3439872	chr16	41243800	90338346	1	1	2
DM12	MQ220525-023	2	0.3439872	chr17	1	22700001	1	1	2
DM12	MQ220525-023	2	0.3439872	chr17	27400000	83257442	1	1	2
DM12	MQ220525-023	2	0.3439872	chr18	1	15400001	1	1	2
DM12	MQ220525-023	2	0.3439872	chr18	21500000	80373286	1	1	2
DM12	MQ220525-023	2	0.3439872	chr19	1	24200001	1	1	2
DM12	MQ220525-023	2	0.3439872	chr19	28100000	42907652	1	1	2
DM12	MQ220525-023	2	0.3439872	chr19	42907652	43354296	3	1	4
DM12	MQ220525-023	2	0.3439872	chr19	43354296	54052963	1	1	2
DM12	MQ220525-023	2	0.3439872	chr19	54052963	55228996	3	1	4
DM12	MQ220525-023	2	0.3439872	chr19	55228996	58617617	1	1	2
DM12	MQ220525-023	2	0.3439872	chr20	1	25700001	1	1	2
DM12	MQ220525-023	2	0.3439872	chr20	30442599	64444168	1	1	2
DM12	MQ220525-023	2	0.3439872	chr21	1	10900001	1	1	2
DM12	MQ220525-023	2	0.3439872	chr21	13000000	46709984	1	1	2
DM12	MQ220525-023	2	0.3439872	chr22	1	13700001	1	1	2
DM12	MQ220525-023	2	0.3439872	chr22	17400000	50818469	1	1	2
DM13	MQ220525-024	2	0.50901908	chr1	1	121700001	1	1	2
DM13	MQ220525-024	2	0.50901908	chr1	125100000	248956423	1	1	2
DM13	MQ220525-024	2	0.50901908	chr2	1	91800001	1	1	2
DM13	MQ220525-024	2	0.50901908	chr2	96000000	242193530	1	1	2
DM13	MQ220525-024	2	0.50901908	chr3	1	87731885	1	0	1
DM13	MQ220525-024	2	0.50901908	chr3	94000000	155915245	1	0	1
DM13	MQ220525-024	2	0.50901908	chr3	155915245	158276099	1	1	2
DM13	MQ220525-024	2	0.50901908	chr3	158276099	167444296	1	0	1
DM13	MQ220525-024	2	0.50901908	chr3	167444296	185456477	1	1	2
DM13	MQ220525-024	2	0.50901908	chr3	185456477	198295560	1	0	1
DM13	MQ220525-024	2	0.50901908	chr4	1	48200001	1	1	2
DM13	MQ220525-024	2	0.50901908	chr4	51800000	190214556	1	1	2
DM13	MQ220525-024	2	0.50901908	chr5	1	46100001	1	1	2
DM13	MQ220525-024	2	0.50901908	chr5	52038333	181538260	1	1	2
DM13	MQ220525-024	2	0.50901908	chr6	1	58500001	1	1	2
DM13	MQ220525-024	2	0.50901908	chr6	62812766	170805980	1	1	2
DM13	MQ220525-024	2	0.50901908	chr7	1	58100001	1	1	2
DM13	MQ220525-024	2	0.50901908	chr7	62100000	159345974	1	1	2
DM13	MQ220525-024	2	0.50901908	chr8	1	43200001	1	1	2
DM13	MQ220525-024	2	0.50901908	chr8	47400099	145138637	1	1	2
DM13	MQ220525-024	2	0.50901908	chr9	1	42200001	1	0	1
DM13	MQ220525-024	2	0.50901908	chr9	52856437	138394718	1	0	1
DM13	MQ220525-024	2	0.50901908	chr10	1	37918641	1	1	2
DM13	MQ220525-024	2	0.50901908	chr10	41600000	46549621	1	0	1
DM13	MQ220525-024	2	0.50901908	chr10	46549621	46674870	1	1	2
DM13	MQ220525-024	2	0.50901908	chr10	46674870	133797423	1	0	1
DM13	MQ220525-024	2	0.50901908	chr11	1	51000001	1	0	1
DM13	MQ220525-024	2	0.50901908	chr11	55817296	135086623	1	1	2
DM13	MQ220525-024	2	0.50901908	chr12	1	33200001	1	1	2
DM13	MQ220525-024	2	0.50901908	chr12	37800000	133275310	1	1	2
DM13	MQ220525-024	2	0.50901908	chr13	18900000	114364329	1	0	1
DM13	MQ220525-024	2	0.50901908	chr14	18200000	107043719	1	1	2
DM13	MQ220525-024	2	0.50901908	chr15	20500000	101991190	1	1	2
DM13	MQ220525-024	2	0.50901908	chr16	1	35300001	1	1	2
DM13	MQ220525-024	2	0.50901908	chr16	40744179	90338346	1	1	2
DM13	MQ220525-024	2	0.50901908	chr17	1	6787054	1	1	2
DM13	MQ220525-024	2	0.50901908	chr17	6787054	8061145	1	0	1
DM13	MQ220525-024	2	0.50901908	chr17	8061145	22700001	1	1	2
DM13	MQ220525-024	2	0.50901908	chr17	27400000	83257442	1	1	2
DM13	MQ220525-024	2	0.50901908	chr18	1	6881665	1	0	1
DM13	MQ220525-024	2	0.50901908	chr18	6881665	15400001	1	1	2
DM13	MQ220525-024	2	0.50901908	chr18	21500000	31935542	1	1	2
DM13	MQ220525-024	2	0.50901908	chr18	31935542	74563335	1	0	1
DM13	MQ220525-024	2	0.50901908	chr18	74563335	80373286	1	1	2
DM13	MQ220525-024	2	0.50901908	chr19	1	24200001	1	0	1
DM13	MQ220525-024	2	0.50901908	chr19	28100000	58617617	1	0	1
DM13	MQ220525-024	2	0.50901908	chr20	1	25632014	1	1	2
DM13	MQ220525-024	2	0.50901908	chr20	30441253	64444168	1	1	2
DM13	MQ220525-024	2	0.50901908	chr21	1	10900001	1	1	2
DM13	MQ220525-024	2	0.50901908	chr21	13000000	46709984	1	1	2
DM13	MQ220525-024	2	0.50901908	chr22	1	13700001	1	0	1
DM13	MQ220525-024	2	0.50901908	chr22	17400000	32412318	1	1	2
DM13	MQ220525-024	2	0.50901908	chr22	32412318	50818469	1	0	1
DM14	MQ220525-025	2	0.67348416	chr1	1	16234409	2	1	3
DM14	MQ220525-025	2	0.67348416	chr1	16234409	16947779	2	2	4
DM14	MQ220525-025	2	0.67348416	chr1	16947779	54243402	2	1	3
DM14	MQ220525-025	2	0.67348416	chr1	54243402	54764609	2	2	4
DM14	MQ220525-025	2	0.67348416	chr1	54764609	109987799	2	1	3
DM14	MQ220525-025	2	0.67348416	chr1	109987799	121700001	2	2	4
DM14	MQ220525-025	2	0.67348416	chr1	125100000	166989419	3	1	4
DM14	MQ220525-025	2	0.67348416	chr1	166989419	248956423	2	1	3
DM14	MQ220525-025	2	0.67348416	chr2	1	38316941	3	1	4
DM14	MQ220525-025	2	0.67348416	chr2	38316941	91800001	2	1	3
DM14	MQ220525-025	2	0.67348416	chr2	96128218	101253369	2	2	4
DM14	MQ220525-025	2	0.67348416	chr2	101253369	112994850	2	1	3
DM14	MQ220525-025	2	0.67348416	chr2	112994850	113712362	2	2	4
DM14	MQ220525-025	2	0.67348416	chr2	113712362	152390109	2	1	3
DM14	MQ220525-025	2	0.67348416	chr2	152390109	166407839	2	2	4
DM14	MQ220525-025	2	0.67348416	chr2	166407839	176106485	2	1	3
DM14	MQ220525-025	2	0.67348416	chr2	176106485	191010126	2	2	4
DM14	MQ220525-025	2	0.67348416	chr2	191010126	207733874	3	1	4
DM14	MQ220525-025	2	0.67348416	chr2	207733874	242193530	2	1	3
DM14	MQ220525-025	2	0.67348416	chr3	1	27406391	2	1	3
DM14	MQ220525-025	2	0.67348416	chr3	27406391	38112538	3	1	4
DM14	MQ220525-025	2	0.67348416	chr3	38112538	39138640	2	1	3
DM14	MQ220525-025	2	0.67348416	chr3	39138640	46545254	3	1	4
DM14	MQ220525-025	2	0.67348416	chr3	46545254	47411574	2	1	3
DM14	MQ220525-025	2	0.67348416	chr3	47411574	52606851	1	1	2
DM14	MQ220525-025	2	0.67348416	chr3	52606851	53228221	3	1	4
DM14	MQ220525-025	2	0.67348416	chr3	53228221	63365412	2	1	3
DM14	MQ220525-025	2	0.67348416	chr3	63365412	67899983	3	1	4
DM14	MQ220525-025	2	0.67348416	chr3	67899983	87800001	2	1	3
DM14	MQ220525-025	2	0.67348416	chr3	94193285	111571061	1	1	2
DM14	MQ220525-025	2	0.67348416	chr3	111571061	136795899	2	1	3
DM14	MQ220525-025	2	0.67348416	chr3	136795899	195741861	3	1	4
DM14	MQ220525-025	2	0.67348416	chr3	195741861	195801959	2	2	4
DM14	MQ220525-025	2	0.67348416	chr3	195801959	198295560	3	1	4
DM14	MQ220525-025	2	0.67348416	chr4	1	4137718	2	1	3
DM14	MQ220525-025	2	0.67348416	chr4	4137718	8805046	2	2	4
DM14	MQ220525-025	2	0.67348416	chr4	8805046	17825429	2	1	3
DM14	MQ220525-025	2	0.67348416	chr4	17825429	38069726	2	2	4
DM14	MQ220525-025	2	0.67348416	chr4	38069726	48200001	2	1	3
DM14	MQ220525-025	2	0.67348416	chr4	51800000	67557729	2	1	3
DM14	MQ220525-025	2	0.67348416	chr4	67557729	87811487	2	2	4
DM14	MQ220525-025	2	0.67348416	chr4	87811487	190214556	2	0	2
DM14	MQ220525-025	2	0.67348416	chr5	1	1035859	3	1	4
DM14	MQ220525-025	2	0.67348416	chr5	1035859	5311398	5	1	6
DM14	MQ220525-025	2	0.67348416	chr5	5311398	46100001	3	1	4
DM14	MQ220525-025	2	0.67348416	chr5	51524877	66021429	2	1	3
DM14	MQ220525-025	2	0.67348416	chr5	66021429	172892998	1	1	2
DM14	MQ220525-025	2	0.67348416	chr5	172892998	178212766	2	1	3
DM14	MQ220525-025	2	0.67348416	chr5	178212766	181538260	1	1	2
DM14	MQ220525-025	2	0.67348416	chr6	1	7231201	2	0	2
DM14	MQ220525-025	2	0.67348416	chr6	7231201	29374754	2	2	4
DM14	MQ220525-025	2	0.67348416	chr6	29374754	58500001	2	0	2
DM14	MQ220525-025	2	0.67348416	chr6	62600000	73395014	1	1	2
DM14	MQ220525-025	2	0.67348416	chr6	73395014	100939858	2	1	3
DM14	MQ220525-025	2	0.67348416	chr6	100939858	132814825	2	0	2
DM14	MQ220525-025	2	0.67348416	chr6	132814825	142138597	2	1	3
DM14	MQ220525-025	2	0.67348416	chr6	142138597	170805980	1	1	2
DM14	MQ220525-025	2	0.67348416	chr7	1	33141091	2	2	4
DM14	MQ220525-025	2	0.67348416	chr7	33141091	58100001	2	1	3
DM14	MQ220525-025	2	0.67348416	chr7	62100000	66914313	2	2	4
DM14	MQ220525-025	2	0.67348416	chr7	66914313	100958722	2	1	3
DM14	MQ220525-025	2	0.67348416	chr7	100958722	100967920	2	2	4
DM14	MQ220525-025	2	0.67348416	chr7	100967920	144114617	2	1	3
DM14	MQ220525-025	2	0.67348416	chr7	144114617	155738324	2	0	2
DM14	MQ220525-025	2	0.67348416	chr7	155738324	159345974	3	1	4
DM14	MQ220525-025	2	0.67348416	chr8	1	10610139	2	0	2
DM14	MQ220525-025	2	0.67348416	chr8	10610139	19316699	5	1	6
DM14	MQ220525-025	2	0.67348416	chr8	19316699	43200001	2	0	2
DM14	MQ220525-025	2	0.67348416	chr8	47468349	70133398	2	0	2
DM14	MQ220525-025	2	0.67348416	chr8	70133398	143315958	2	1	3
DM14	MQ220525-025	2	0.67348416	chr8	143315958	145138637	3	1	4
DM14	MQ220525-025	2	0.67348416	chr9	1	33618481	2	0	2
DM14	MQ220525-025	2	0.67348416	chr9	33618481	38849305	2	1	3
DM14	MQ220525-025	2	0.67348416	chr9	38849305	42200001	3	1	4
DM14	MQ220525-025	2	0.67348416	chr9	51906683	92886993	2	1	3
DM14	MQ220525-025	2	0.67348416	chr9	92886993	94319694	2	2	4
DM14	MQ220525-025	2	0.67348416	chr9	94319694	119813324	2	1	3
DM14	MQ220525-025	2	0.67348416	chr9	119813324	122381435	2	2	4
DM14	MQ220525-025	2	0.67348416	chr9	122381435	136740511	2	1	3
DM14	MQ220525-025	2	0.67348416	chr9	136740511	137169816	2	2	4
DM14	MQ220525-025	2	0.67348416	chr9	137169816	138394718	2	1	3
DM14	MQ220525-025	2	0.67348416	chr10	1	38000001	2	1	3
DM14	MQ220525-025	2	0.67348416	chr10	41600000	78044246	2	1	3
DM14	MQ220525-025	2	0.67348416	chr10	78044246	123762046	1	1	2
DM14	MQ220525-025	2	0.67348416	chr10	123762046	133797423	2	1	3
DM14	MQ220525-025	2	0.67348416	chr11	1	1015327	2	1	3
DM14	MQ220525-025	2	0.67348416	chr11	1015327	1167934	2	2	4
DM14	MQ220525-025	2	0.67348416	chr11	1167934	2306256	3	1	4
DM14	MQ220525-025	2	0.67348416	chr11	2306256	30231894	2	1	3
DM14	MQ220525-025	2	0.67348416	chr11	30231894	51000001	2	2	4
DM14	MQ220525-025	2	0.67348416	chr11	55800000	56701221	2	2	4
DM14	MQ220525-025	2	0.67348416	chr11	56701221	57552595	3	1	4
DM14	MQ220525-025	2	0.67348416	chr11	57552595	60931171	2	1	3
DM14	MQ220525-025	2	0.67348416	chr11	60931171	64370869	2	0	2
DM14	MQ220525-025	2	0.67348416	chr11	64370869	99061473	2	1	3
DM14	MQ220525-025	2	0.67348416	chr11	99061473	135086623	2	0	2
DM14	MQ220525-025	2	0.67348416	chr12	1	33200001	2	2	4
DM14	MQ220525-025	2	0.67348416	chr12	37800000	42288482	2	2	4
DM14	MQ220525-025	2	0.67348416	chr12	42288482	53337223	2	1	3
DM14	MQ220525-025	2	0.67348416	chr12	53337223	63003679	1	1	2
DM14	MQ220525-025	2	0.67348416	chr12	63003679	68315029	2	1	3
DM14	MQ220525-025	2	0.67348416	chr12	68315029	72000769	3	1	4
DM14	MQ220525-025	2	0.67348416	chr12	72000769	85045359	2	1	3
DM14	MQ220525-025	2	0.67348416	chr12	85045359	109540952	1	1	2
DM14	MQ220525-025	2	0.67348416	chr12	109540952	133275310	2	1	3
DM14	MQ220525-025	2	0.67348416	chr13	18978421	23184633	2	0	2
DM14	MQ220525-025	2	0.67348416	chr13	23184633	32195273	1	1	2
DM14	MQ220525-025	2	0.67348416	chr13	32195273	45456416	5	1	6
DM14	MQ220525-025	2	0.67348416	chr13	45456416	114364329	2	0	2
DM14	MQ220525-025	2	0.67348416	chr14	18200000	20060873	2	2	4
DM14	MQ220525-025	2	0.67348416	chr14	20060873	35119416	2	1	3
DM14	MQ220525-025	2	0.67348416	chr14	35119416	60107987	1	1	2
DM14	MQ220525-025	2	0.67348416	chr14	60107987	64031266	2	1	3
DM14	MQ220525-025	2	0.67348416	chr14	64031266	74526231	2	0	2
DM14	MQ220525-025	2	0.67348416	chr14	74526231	76779123	2	1	3
DM14	MQ220525-025	2	0.67348416	chr14	76779123	77328618	2	2	4
DM14	MQ220525-025	2	0.67348416	chr14	77328618	106342094	2	1	3
DM14	MQ220525-025	2	0.67348416	chr14	106342094	107043719	2	2	4
DM14	MQ220525-025	2	0.67348416	chr15	20576426	82408656	1	1	2
DM14	MQ220525-025	2	0.67348416	chr15	82408656	101991190	2	1	3
DM14	MQ220525-025	2	0.67348416	chr16	1	26583411	1	1	2
DM14	MQ220525-025	2	0.67348416	chr16	26583411	30127113	2	2	4
DM14	MQ220525-025	2	0.67348416	chr16	30127113	35218611	2	1	3
DM14	MQ220525-025	2	0.67348416	chr16	41244122	90338346	2	0	2
DM14	MQ220525-025	2	0.67348416	chr17	1	20111178	2	0	2
DM14	MQ220525-025	2	0.67348416	chr17	20111178	22700001	2	1	3
DM14	MQ220525-025	2	0.67348416	chr17	27400000	35795154	2	1	3
DM14	MQ220525-025	2	0.67348416	chr17	35795154	39029811	3	1	4
DM14	MQ220525-025	2	0.67348416	chr17	39029811	56979570	2	1	3
DM14	MQ220525-025	2	0.67348416	chr17	56979570	83257442	2	2	4
DM14	MQ220525-025	2	0.67348416	chr18	1	15400001	2	1	3
DM14	MQ220525-025	2	0.67348416	chr18	21500000	31724444	2	1	3
DM14	MQ220525-025	2	0.67348416	chr18	31724444	80373286	1	1	2
DM14	MQ220525-025	2	0.67348416	chr19	1	1113912	2	1	3
DM14	MQ220525-025	2	0.67348416	chr19	1113912	7459965	2	0	2
DM14	MQ220525-025	2	0.67348416	chr19	7459965	17500567	5	1	6
DM14	MQ220525-025	2	0.67348416	chr19	17500567	21971003	2	0	2
DM14	MQ220525-025	2	0.67348416	chr19	21971003	22757187	2	1	3
DM14	MQ220525-025	2	0.67348416	chr19	22757187	24200001	2	2	4
DM14	MQ220525-025	2	0.67348416	chr19	28100000	35020874	2	2	4
DM14	MQ220525-025	2	0.67348416	chr19	35020874	55086679	2	1	3
DM14	MQ220525-025	2	0.67348416	chr19	55086679	55161309	2	2	4
DM14	MQ220525-025	2	0.67348416	chr19	55161309	58368847	2	1	3
DM14	MQ220525-025	2	0.67348416	chr19	58368847	58617617	3	1	4
DM14	MQ220525-025	2	0.67348416	chr20	1	17510600	1	1	2
DM14	MQ220525-025	2	0.67348416	chr20	17510600	19864471	2	1	3
DM14	MQ220525-025	2	0.67348416	chr20	19864471	25700001	5	1	6
DM14	MQ220525-025	2	0.67348416	chr20	30443803	64444168	2	2	4
DM14	MQ220525-025	2	0.67348416	chr21	1	10900001	2	1	3
DM14	MQ220525-025	2	0.67348416	chr21	13000000	18297786	2	1	3
DM14	MQ220525-025	2	0.67348416	chr21	18297786	46709984	2	0	2
DM14	MQ220525-025	2	0.67348416	chr22	1	13700001	2	1	3
DM14	MQ220525-025	2	0.67348416	chr22	17400000	19981568	1	1	2
DM14	MQ220525-025	2	0.67348416	chr22	19981568	20317901	2	1	3
DM14	MQ220525-025	2	0.67348416	chr22	20317901	31234429	1	1	2
DM14	MQ220525-025	2	0.67348416	chr22	31234429	36198626	3	1	4
DM14	MQ220525-025	2	0.67348416	chr22	36198626	39271896	2	1	3
DM14	MQ220525-025	2	0.67348416	chr22	39271896	50818469	1	1	2
DM15	MQ220525-026	2	0.1	chr1	1	121700001	1	1	2
DM15	MQ220525-026	2	0.1	chr1	125102822	248956423	1	1	2
DM15	MQ220525-026	2	0.1	chr2	1	91800001	1	1	2
DM15	MQ220525-026	2	0.1	chr2	96000000	242193530	1	1	2
DM15	MQ220525-026	2	0.1	chr3	1	87491240	1	1	2
DM15	MQ220525-026	2	0.1	chr3	95249513	198295560	1	1	2
DM15	MQ220525-026	2	0.1	chr4	1	48200001	1	1	2
DM15	MQ220525-026	2	0.1	chr4	51800000	190214556	1	1	2
DM15	MQ220525-026	2	0.1	chr5	1	46100001	1	1	2
DM15	MQ220525-026	2	0.1	chr5	51400000	181538260	1	1	2
DM15	MQ220525-026	2	0.1	chr6	1	58500001	1	1	2
DM15	MQ220525-026	2	0.1	chr6	62739552	170805980	1	1	2
DM15	MQ220525-026	2	0.1	chr7	1	58100001	1	1	2
DM15	MQ220525-026	2	0.1	chr7	62100000	159345974	1	1	2
DM15	MQ220525-026	2	0.1	chr8	1	43200001	1	1	2
DM15	MQ220525-026	2	0.1	chr8	47200000	145138637	1	1	2
DM15	MQ220525-026	2	0.1	chr9	1	42200001	1	1	2
DM15	MQ220525-026	2	0.1	chr9	52965359	138394718	1	1	2
DM15	MQ220525-026	2	0.1	chr10	1	37990655	1	1	2
DM15	MQ220525-026	2	0.1	chr10	41600000	133797423	1	1	2
DM15	MQ220525-026	2	0.1	chr11	1	51000001	1	1	2
DM15	MQ220525-026	2	0.1	chr11	55808202	135086623	1	1	2
DM15	MQ220525-026	2	0.1	chr12	1	33191956	1	1	2
DM15	MQ220525-026	2	0.1	chr12	37800000	133275310	1	1	2
DM15	MQ220525-026	2	0.1	chr13	18928589	114364329	1	1	2
DM15	MQ220525-026	2	0.1	chr14	18200000	107043719	1	1	2
DM15	MQ220525-026	2	0.1	chr15	20560974	101991190	1	1	2
DM15	MQ220525-026	2	0.1	chr16	1	35058799	1	1	2
DM15	MQ220525-026	2	0.1	chr16	40955697	90338346	1	1	2
DM15	MQ220525-026	2	0.1	chr17	1	22700001	1	1	2
DM15	MQ220525-026	2	0.1	chr17	27400000	83257442	1	1	2
DM15	MQ220525-026	2	0.1	chr18	1	15400001	1	1	2
DM15	MQ220525-026	2	0.1	chr18	21554070	80373286	1	1	2
DM15	MQ220525-026	2	0.1	chr19	1	24200001	1	1	2
DM15	MQ220525-026	2	0.1	chr19	28100000	58617617	1	1	2
DM15	MQ220525-026	2	0.1	chr20	1	25632132	1	1	2
DM15	MQ220525-026	2	0.1	chr20	30522248	64444168	1	1	2
DM15	MQ220525-026	2	0.1	chr21	1	10900001	1	1	2
DM15	MQ220525-026	2	0.1	chr21	13000000	46709984	1	1	2
DM15	MQ220525-026	2	0.1	chr22	1	13700001	1	1	2
DM15	MQ220525-026	2	0.1	chr22	17400000	50818469	1	1	2
DM16	MQ220525-027	2	0.55740171	chr1	1	121700001	1	1	2
DM16	MQ220525-027	2	0.55740171	chr1	125100000	248956423	1	1	2
DM16	MQ220525-027	2	0.55740171	chr2	1	91796118	1	1	2
DM16	MQ220525-027	2	0.55740171	chr2	96000000	242193530	1	1	2
DM16	MQ220525-027	2	0.55740171	chr3	1	87685241	1	1	2
DM16	MQ220525-027	2	0.55740171	chr3	94014916	198295560	1	1	2
DM16	MQ220525-027	2	0.55740171	chr4	1	48200001	1	1	2
DM16	MQ220525-027	2	0.55740171	chr4	51800000	190214556	1	1	2
DM16	MQ220525-027	2	0.55740171	chr5	1	46100001	1	1	2
DM16	MQ220525-027	2	0.55740171	chr5	52125591	181538260	1	1	2
DM16	MQ220525-027	2	0.55740171	chr6	1	58500001	1	1	2
DM16	MQ220525-027	2	0.55740171	chr6	62694365	170805980	1	1	2
DM16	MQ220525-027	2	0.55740171	chr7	1	58100001	2	1	3
DM16	MQ220525-027	2	0.55740171	chr7	62100000	159345974	2	1	3
DM16	MQ220525-027	2	0.55740171	chr8	1	43200001	1	1	2
DM16	MQ220525-027	2	0.55740171	chr8	47200000	145138637	1	1	2
DM16	MQ220525-027	2	0.55740171	chr9	1	42200001	1	1	2
DM16	MQ220525-027	2	0.55740171	chr9	52915031	138394718	1	1	2
DM16	MQ220525-027	2	0.55740171	chr10	1	37990655	1	1	2
DM16	MQ220525-027	2	0.55740171	chr10	41600000	70778947	1	1	2
DM16	MQ220525-027	2	0.55740171	chr10	70778947	133797423	2	0	2
DM16	MQ220525-027	2	0.55740171	chr11	1	51000001	1	1	2
DM16	MQ220525-027	2	0.55740171	chr11	55808202	135086623	1	1	2
DM16	MQ220525-027	2	0.55740171	chr12	1	33147761	1	1	2
DM16	MQ220525-027	2	0.55740171	chr12	37802155	133275310	1	1	2
DM16	MQ220525-027	2	0.55740171	chr13	18902273	114364329	1	1	2
DM16	MQ220525-027	2	0.55740171	chr14	18200000	107043719	1	1	2
DM16	MQ220525-027	2	0.55740171	chr15	20540565	101991190	1	1	2
DM16	MQ220525-027	2	0.55740171	chr16	1	35300001	1	1	2
DM16	MQ220525-027	2	0.55740171	chr16	41244522	90338346	1	1	2
DM16	MQ220525-027	2	0.55740171	chr17	1	22700001	1	1	2
DM16	MQ220525-027	2	0.55740171	chr17	27414993	83257442	1	1	2
DM16	MQ220525-027	2	0.55740171	chr18	1	15400001	1	1	2
DM16	MQ220525-027	2	0.55740171	chr18	21500000	80373286	1	1	2
DM16	MQ220525-027	2	0.55740171	chr19	1	24200001	1	1	2
DM16	MQ220525-027	2	0.55740171	chr19	28100000	58617617	1	1	2
DM16	MQ220525-027	2	0.55740171	chr20	1	25632014	1	1	2
DM16	MQ220525-027	2	0.55740171	chr20	30442707	64444168	1	1	2
DM16	MQ220525-027	2	0.55740171	chr21	1	10900001	1	1	2
DM16	MQ220525-027	2	0.55740171	chr21	13000000	46709984	1	1	2
DM16	MQ220525-027	2	0.55740171	chr22	1	13700001	1	1	2
DM16	MQ220525-027	2	0.55740171	chr22	17400000	50818469	1	1	2
DM17	MQ220525-028	2	0.603603	chr1	1	121700001	2	0	2
DM17	MQ220525-028	2	0.603603	chr1	125100000	248956423	1	1	2
DM17	MQ220525-028	2	0.603603	chr2	1	91800001	2	1	3
DM17	MQ220525-028	2	0.603603	chr2	96000000	242193530	2	1	3
DM17	MQ220525-028	2	0.603603	chr3	1	87076667	1	1	2
DM17	MQ220525-028	2	0.603603	chr3	94910736	198295560	1	1	2
DM17	MQ220525-028	2	0.603603	chr4	1	47928466	1	1	2
DM17	MQ220525-028	2	0.603603	chr4	51800000	190214556	1	1	2
DM17	MQ220525-028	2	0.603603	chr5	1	46100001	1	1	2
DM17	MQ220525-028	2	0.603603	chr5	52108698	181538260	1	1	2
DM17	MQ220525-028	2	0.603603	chr6	1	58500001	1	1	2
DM17	MQ220525-028	2	0.603603	chr6	63568849	150053794	1	1	2
DM17	MQ220525-028	2	0.603603	chr6	150053794	170805980	2	0	2
DM17	MQ220525-028	2	0.603603	chr7	1	58100001	1	1	2
DM17	MQ220525-028	2	0.603603	chr7	62100000	159345974	1	1	2
DM17	MQ220525-028	2	0.603603	chr8	1	43200001	1	1	2
DM17	MQ220525-028	2	0.603603	chr8	47209094	145138637	1	1	2
DM17	MQ220525-028	2	0.603603	chr9	1	42200001	1	1	2
DM17	MQ220525-028	2	0.603603	chr9	52865365	138394718	1	1	2
DM17	MQ220525-028	2	0.603603	chr10	1	37915082	2	1	3
DM17	MQ220525-028	2	0.603603	chr10	41600000	133797423	2	1	3
DM17	MQ220525-028	2	0.603603	chr11	1	51000001	1	1	2
DM17	MQ220525-028	2	0.603603	chr11	55808149	135086623	1	1	2
DM17	MQ220525-028	2	0.603603	chr12	1	33200001	1	1	2
DM17	MQ220525-028	2	0.603603	chr12	37800000	133275310	1	1	2
DM17	MQ220525-028	2	0.603603	chr13	18900000	114364329	1	1	2
DM17	MQ220525-028	2	0.603603	chr14	18200000	107043719	1	1	2
DM17	MQ220525-028	2	0.603603	chr15	20503538	101991190	1	1	2
DM17	MQ220525-028	2	0.603603	chr16	1	35300001	1	1	2
DM17	MQ220525-028	2	0.603603	chr16	40489533	90338346	1	1	2
DM17	MQ220525-028	2	0.603603	chr17	1	22700001	1	1	2
DM17	MQ220525-028	2	0.603603	chr17	27400000	83257442	1	1	2
DM17	MQ220525-028	2	0.603603	chr18	1	15400001	1	1	2
DM17	MQ220525-028	2	0.603603	chr18	21523635	80373286	1	1	2
DM17	MQ220525-028	2	0.603603	chr19	1	24200001	1	1	2
DM17	MQ220525-028	2	0.603603	chr19	28565264	58617617	1	1	2
DM17	MQ220525-028	2	0.603603	chr20	1	25700001	1	1	2
DM17	MQ220525-028	2	0.603603	chr20	30470791	64444168	1	1	2
DM17	MQ220525-028	2	0.603603	chr21	1	10900001	2	1	3
DM17	MQ220525-028	2	0.603603	chr21	13000000	46709984	1	1	2
DM17	MQ220525-028	2	0.603603	chr22	1	13700001	2	1	3
DM17	MQ220525-028	2	0.603603	chr22	17400000	50818469	1	1	2
DM20	MQ220525-029	2	0.76763576	chr1	1	121700001	1	1	2
DM20	MQ220525-029	2	0.76763576	chr1	132294366	248956423	1	1	2
DM20	MQ220525-029	2	0.76763576	chr2	1	91762842	1	1	2
DM20	MQ220525-029	2	0.76763576	chr2	96000000	242193530	1	1	2
DM20	MQ220525-029	2	0.76763576	chr3	1	51405939	2	0	2
DM20	MQ220525-029	2	0.76763576	chr3	51405939	87800001	1	1	2
DM20	MQ220525-029	2	0.76763576	chr3	94000000	198295560	1	1	2
DM20	MQ220525-029	2	0.76763576	chr4	1	48200001	1	1	2
DM20	MQ220525-029	2	0.76763576	chr4	51800000	190214556	1	1	2
DM20	MQ220525-029	2	0.76763576	chr5	1	46100001	1	1	2
DM20	MQ220525-029	2	0.76763576	chr5	51400000	181538260	1	1	2
DM20	MQ220525-029	2	0.76763576	chr6	1	58500001	1	1	2
DM20	MQ220525-029	2	0.76763576	chr6	62783105	170805980	1	1	2
DM20	MQ220525-029	2	0.76763576	chr7	1	58100001	1	1	2
DM20	MQ220525-029	2	0.76763576	chr7	62100000	159345974	1	1	2
DM20	MQ220525-029	2	0.76763576	chr8	1	43200001	1	1	2
DM20	MQ220525-029	2	0.76763576	chr8	47200000	145138637	1	1	2
DM20	MQ220525-029	2	0.76763576	chr9	1	42200001	1	1	2
DM20	MQ220525-029	2	0.76763576	chr9	51828965	138394718	1	1	2
DM20	MQ220525-029	2	0.76763576	chr10	1	37934546	1	1	2
DM20	MQ220525-029	2	0.76763576	chr10	41600000	133797423	1	1	2
DM20	MQ220525-029	2	0.76763576	chr11	1	51000001	1	1	2
DM20	MQ220525-029	2	0.76763576	chr11	55803924	135086623	1	1	2
DM20	MQ220525-029	2	0.76763576	chr12	1	33200001	1	1	2
DM20	MQ220525-029	2	0.76763576	chr12	37802861	133275310	1	1	2
DM20	MQ220525-029	2	0.76763576	chr13	18900000	114364329	1	1	2
DM20	MQ220525-029	2	0.76763576	chr14	18200000	107043719	1	1	2
DM20	MQ220525-029	2	0.76763576	chr15	20500000	101991190	1	1	2
DM20	MQ220525-029	2	0.76763576	chr16	1	35300001	1	1	2
DM20	MQ220525-029	2	0.76763576	chr16	41243817	90338346	1	1	2
DM20	MQ220525-029	2	0.76763576	chr17	1	22700001	1	1	2
DM20	MQ220525-029	2	0.76763576	chr17	27400000	83257442	1	1	2
DM20	MQ220525-029	2	0.76763576	chr18	1	15400001	1	1	2
DM20	MQ220525-029	2	0.76763576	chr18	21500000	80373286	1	1	2
DM20	MQ220525-029	2	0.76763576	chr19	1	24200001	1	1	2
DM20	MQ220525-029	2	0.76763576	chr19	28100000	58617617	1	1	2
DM20	MQ220525-029	2	0.76763576	chr20	1	25700001	1	1	2
DM20	MQ220525-029	2	0.76763576	chr20	30442599	64444168	1	1	2
DM20	MQ220525-029	2	0.76763576	chr21	1	10900001	1	1	2
DM20	MQ220525-029	2	0.76763576	chr21	13000000	46709984	1	1	2
DM20	MQ220525-029	2	0.76763576	chr22	1	13700001	1	1	2
DM20	MQ220525-029	2	0.76763576	chr22	17506723	50818469	1	1	2
DM21	MQ220525-030	2	0.77871064	chr1	1	121700001	1	1	2
DM21	MQ220525-030	2	0.77871064	chr1	132227502	248956423	1	1	2
DM21	MQ220525-030	2	0.77871064	chr2	1	91800001	1	1	2
DM21	MQ220525-030	2	0.77871064	chr2	96000000	242193530	1	1	2
DM21	MQ220525-030	2	0.77871064	chr3	1	87800001	1	1	2
DM21	MQ220525-030	2	0.77871064	chr3	94190766	198295560	1	1	2
DM21	MQ220525-030	2	0.77871064	chr4	1	48200001	1	1	2
DM21	MQ220525-030	2	0.77871064	chr4	51800000	190214556	1	1	2
DM21	MQ220525-030	2	0.77871064	chr5	1	46100001	1	1	2
DM21	MQ220525-030	2	0.77871064	chr5	51769332	181538260	1	1	2
DM21	MQ220525-030	2	0.77871064	chr6	1	58500001	1	1	2
DM21	MQ220525-030	2	0.77871064	chr6	62600000	170805980	2	0	2
DM21	MQ220525-030	2	0.77871064	chr7	1	58100001	1	1	2
DM21	MQ220525-030	2	0.77871064	chr7	62100000	159345974	1	1	2
DM21	MQ220525-030	2	0.77871064	chr8	1	43200001	2	1	3
DM21	MQ220525-030	2	0.77871064	chr8	47334208	145138637	2	1	3
DM21	MQ220525-030	2	0.77871064	chr9	1	42200001	1	1	2
DM21	MQ220525-030	2	0.77871064	chr9	52955883	138394718	1	1	2
DM21	MQ220525-030	2	0.77871064	chr10	1	38000001	1	1	2
DM21	MQ220525-030	2	0.77871064	chr10	41600000	133797423	1	1	2
DM21	MQ220525-030	2	0.77871064	chr11	1	51000001	1	1	2
DM21	MQ220525-030	2	0.77871064	chr11	56074807	135086623	1	1	2
DM21	MQ220525-030	2	0.77871064	chr12	1	33200001	1	1	2
DM21	MQ220525-030	2	0.77871064	chr12	37800000	133275310	1	1	2
DM21	MQ220525-030	2	0.77871064	chr13	18956381	114364329	1	1	2
DM21	MQ220525-030	2	0.77871064	chr14	18200000	107043719	1	1	2
DM21	MQ220525-030	2	0.77871064	chr15	20500000	101991190	1	1	2
DM21	MQ220525-030	2	0.77871064	chr16	1	35300001	1	1	2
DM21	MQ220525-030	2	0.77871064	chr16	40490665	90338346	1	1	2
DM21	MQ220525-030	2	0.77871064	chr17	1	22700001	1	1	2
DM21	MQ220525-030	2	0.77871064	chr17	27400000	83257442	1	1	2
DM21	MQ220525-030	2	0.77871064	chr18	1	15400001	1	1	2
DM21	MQ220525-030	2	0.77871064	chr18	21514388	80373286	1	1	2
DM21	MQ220525-030	2	0.77871064	chr19	1	24200001	1	1	2
DM21	MQ220525-030	2	0.77871064	chr19	28100000	58617617	1	1	2
DM21	MQ220525-030	2	0.77871064	chr20	1	25494067	1	1	2
DM21	MQ220525-030	2	0.77871064	chr20	30442432	64444168	1	1	2
DM21	MQ220525-030	2	0.77871064	chr21	1	10900001	1	1	2
DM21	MQ220525-030	2	0.77871064	chr21	13000000	46709984	1	1	2
DM21	MQ220525-030	2	0.77871064	chr22	1	13700001	2	1	3
DM21	MQ220525-030	2	0.77871064	chr22	17400000	50818469	1	1	2
DM22	MQ220525-031	2	0.1	chr1	1	121700001	1	1	2
DM22	MQ220525-031	2	0.1	chr1	125100000	248956423	1	1	2
DM22	MQ220525-031	2	0.1	chr2	1	91687628	1	1	2
DM22	MQ220525-031	2	0.1	chr2	96162102	242193530	1	1	2
DM22	MQ220525-031	2	0.1	chr3	1	87658187	1	1	2
DM22	MQ220525-031	2	0.1	chr3	94910736	198295560	1	1	2
DM22	MQ220525-031	2	0.1	chr4	1	48200001	1	1	2
DM22	MQ220525-031	2	0.1	chr4	51800000	190214556	1	1	2
DM22	MQ220525-031	2	0.1	chr5	1	46100001	1	1	2
DM22	MQ220525-031	2	0.1	chr5	51847319	181538260	1	1	2
DM22	MQ220525-031	2	0.1	chr6	1	58500001	1	1	2
DM22	MQ220525-031	2	0.1	chr6	62600000	170805980	1	1	2
DM22	MQ220525-031	2	0.1	chr7	1	58100001	1	1	2
DM22	MQ220525-031	2	0.1	chr7	62100000	159345974	1	1	2
DM22	MQ220525-031	2	0.1	chr8	1	42649466	1	1	2
DM22	MQ220525-031	2	0.1	chr8	47377413	145138637	1	1	2
DM22	MQ220525-031	2	0.1	chr9	1	42200001	1	1	2
DM22	MQ220525-031	2	0.1	chr9	51838062	138394718	1	1	2
DM22	MQ220525-031	2	0.1	chr10	1	38000001	1	1	2
DM22	MQ220525-031	2	0.1	chr10	41600000	133797423	1	1	2
DM22	MQ220525-031	2	0.1	chr11	1	51000001	1	1	2
DM22	MQ220525-031	2	0.1	chr11	55800000	135086623	1	1	2
DM22	MQ220525-031	2	0.1	chr12	1	33200001	1	1	2
DM22	MQ220525-031	2	0.1	chr12	37802155	133275310	1	1	2
DM22	MQ220525-031	2	0.1	chr13	18971704	114364329	1	1	2
DM22	MQ220525-031	2	0.1	chr14	18200000	107043719	1	1	2
DM22	MQ220525-031	2	0.1	chr15	20906929	101991190	1	1	2
DM22	MQ220525-031	2	0.1	chr16	1	35218611	1	1	2
DM22	MQ220525-031	2	0.1	chr16	40954456	90338346	1	1	2
DM22	MQ220525-031	2	0.1	chr17	1	22700001	1	1	2
DM22	MQ220525-031	2	0.1	chr17	27400000	83257442	1	1	2
DM22	MQ220525-031	2	0.1	chr18	1	15400001	1	1	2
DM22	MQ220525-031	2	0.1	chr18	21500000	80373286	1	1	2
DM22	MQ220525-031	2	0.1	chr19	1	24200001	1	1	2
DM22	MQ220525-031	2	0.1	chr19	28100000	58617617	1	1	2
DM22	MQ220525-031	2	0.1	chr20	1	25632120	1	1	2
DM22	MQ220525-031	2	0.1	chr20	30442649	64444168	1	1	2
DM22	MQ220525-031	2	0.1	chr21	1	10900001	1	1	2
DM22	MQ220525-031	2	0.1	chr21	13000000	46709984	1	1	2
DM22	MQ220525-031	2	0.1	chr22	1	13700001	1	1	2
DM22	MQ220525-031	2	0.1	chr22	17400000	50818469	1	1	2
DM23	MQ220525-032	2	0.54329322	chr1	1	121700001	1	1	2
DM23	MQ220525-032	2	0.54329322	chr1	132391320	248956423	1	1	2
DM23	MQ220525-032	2	0.54329322	chr2	1	91795857	1	1	2
DM23	MQ220525-032	2	0.54329322	chr2	96002731	242193530	1	1	2
DM23	MQ220525-032	2	0.54329322	chr3	1	87658210	1	1	2
DM23	MQ220525-032	2	0.54329322	chr3	94000000	198295560	1	1	2
DM23	MQ220525-032	2	0.54329322	chr4	1	48200001	1	1	2
DM23	MQ220525-032	2	0.54329322	chr4	51800000	190214556	1	1	2
DM23	MQ220525-032	2	0.54329322	chr5	1	46100001	1	1	2
DM23	MQ220525-032	2	0.54329322	chr5	51847319	181538260	1	1	2
DM23	MQ220525-032	2	0.54329322	chr6	1	58500001	1	1	2
DM23	MQ220525-032	2	0.54329322	chr6	62685142	170805980	1	1	2
DM23	MQ220525-032	2	0.54329322	chr7	1	58100001	1	1	2
DM23	MQ220525-032	2	0.54329322	chr7	62100000	159345974	1	1	2
DM23	MQ220525-032	2	0.54329322	chr8	1	42891215	1	1	2
DM23	MQ220525-032	2	0.54329322	chr8	47200000	145138637	1	1	2
DM23	MQ220525-032	2	0.54329322	chr9	1	42172777	1	1	2
DM23	MQ220525-032	2	0.54329322	chr9	51838121	138394718	1	1	2
DM23	MQ220525-032	2	0.54329322	chr10	1	37806472	1	1	2
DM23	MQ220525-032	2	0.54329322	chr10	41600000	133797423	1	1	2
DM23	MQ220525-032	2	0.54329322	chr11	1	51000001	1	1	2
DM23	MQ220525-032	2	0.54329322	chr11	55800000	135086623	1	1	2
DM23	MQ220525-032	2	0.54329322	chr12	1	33064931	1	1	2
DM23	MQ220525-032	2	0.54329322	chr12	37800000	133275310	1	1	2
DM23	MQ220525-032	2	0.54329322	chr13	18900000	114364329	1	1	2
DM23	MQ220525-032	2	0.54329322	chr14	1	16100001	1	1	2
DM23	MQ220525-032	2	0.54329322	chr14	18200000	107043719	1	1	2
DM23	MQ220525-032	2	0.54329322	chr15	20533973	101991190	1	1	2
DM23	MQ220525-032	2	0.54329322	chr16	1	35199016	1	1	2
DM23	MQ220525-032	2	0.54329322	chr16	41094673	90338346	1	1	2
DM23	MQ220525-032	2	0.54329322	chr17	1	22700001	1	1	2
DM23	MQ220525-032	2	0.54329322	chr17	27400000	41548250	1	1	2
DM23	MQ220525-032	2	0.54329322	chr17	41548250	83257442	2	0	2
DM23	MQ220525-032	2	0.54329322	chr18	1	15400001	1	1	2
DM23	MQ220525-032	2	0.54329322	chr18	21535014	80373286	1	1	2
DM23	MQ220525-032	2	0.54329322	chr19	1	24200001	1	1	2
DM23	MQ220525-032	2	0.54329322	chr19	28100000	58617617	1	1	2
DM23	MQ220525-032	2	0.54329322	chr20	1	25529014	1	1	2
DM23	MQ220525-032	2	0.54329322	chr20	30529349	64444168	1	1	2
DM23	MQ220525-032	2	0.54329322	chr21	1	10900001	1	1	2
DM23	MQ220525-032	2	0.54329322	chr21	13000000	46709984	1	1	2
DM23	MQ220525-032	2	0.54329322	chr22	1	13700001	1	1	2
DM23	MQ220525-032	2	0.54329322	chr22	17478875	50818469	1	1	2
DM01	MQ220801A-001	2	0.80581259	chr1	1	121700001	1	1	2
DM01	MQ220801A-001	2	0.80581259	chr1	125100000	248956423	1	1	2
DM01	MQ220801A-001	2	0.80581259	chr2	1	91800001	2	0	2
DM01	MQ220801A-001	2	0.80581259	chr2	96044713	242193530	1	1	2
DM01	MQ220801A-001	2	0.80581259	chr3	1	87620900	1	1	2
DM01	MQ220801A-001	2	0.80581259	chr3	94000000	198295560	1	1	2
DM01	MQ220801A-001	2	0.80581259	chr4	1	48200001	1	1	2
DM01	MQ220801A-001	2	0.80581259	chr4	51800000	190214556	1	1	2
DM01	MQ220801A-001	2	0.80581259	chr5	1	46100001	1	1	2
DM01	MQ220801A-001	2	0.80581259	chr5	51847303	181538260	1	1	2
DM01	MQ220801A-001	2	0.80581259	chr6	1	58500001	1	1	2
DM01	MQ220801A-001	2	0.80581259	chr6	62600000	170805980	1	1	2
DM01	MQ220801A-001	2	0.80581259	chr7	1	58100001	1	1	2
DM01	MQ220801A-001	2	0.80581259	chr7	62100000	159345974	1	1	2
DM01	MQ220801A-001	2	0.80581259	chr8	1	43200001	1	1	2
DM01	MQ220801A-001	2	0.80581259	chr8	47209094	145138637	1	1	2
DM01	MQ220801A-001	2	0.80581259	chr9	1	42120726	1	1	2
DM01	MQ220801A-001	2	0.80581259	chr9	51828965	138394718	1	1	2
DM01	MQ220801A-001	2	0.80581259	chr10	1	38000001	1	1	2
DM01	MQ220801A-001	2	0.80581259	chr10	41600000	133797423	1	1	2
DM01	MQ220801A-001	2	0.80581259	chr11	1	51000001	1	1	2
DM01	MQ220801A-001	2	0.80581259	chr11	55800000	135086623	1	1	2
DM01	MQ220801A-001	2	0.80581259	chr12	1	33200001	1	1	2
DM01	MQ220801A-001	2	0.80581259	chr12	37827610	133275310	1	1	2
DM01	MQ220801A-001	2	0.80581259	chr13	18975875	114364329	1	1	2
DM01	MQ220801A-001	2	0.80581259	chr14	18200000	107043719	1	1	2
DM01	MQ220801A-001	2	0.80581259	chr15	20500000	101991190	1	1	2
DM01	MQ220801A-001	2	0.80581259	chr16	1	35300001	1	1	2
DM01	MQ220801A-001	2	0.80581259	chr16	40487696	90338346	1	1	2
DM01	MQ220801A-001	2	0.80581259	chr17	1	22700001	1	1	2
DM01	MQ220801A-001	2	0.80581259	chr17	27400000	83257442	1	1	2
DM01	MQ220801A-001	2	0.80581259	chr18	1	15400001	1	1	2
DM01	MQ220801A-001	2	0.80581259	chr18	21500000	80373286	1	1	2
DM01	MQ220801A-001	2	0.80581259	chr19	1	24200001	1	1	2
DM01	MQ220801A-001	2	0.80581259	chr19	28591036	58617617	2	0	2
DM01	MQ220801A-001	2	0.80581259	chr20	1	25632132	1	1	2
DM01	MQ220801A-001	2	0.80581259	chr20	30442707	64444168	1	1	2
DM01	MQ220801A-001	2	0.80581259	chr21	1	10900001	1	1	2
DM01	MQ220801A-001	2	0.80581259	chr21	13000000	46709984	1	1	2
DM01	MQ220801A-001	2	0.80581259	chr22	1	13700001	1	1	2
DM01	MQ220801A-001	2	0.80581259	chr22	17400000	50818469	1	1	2
DM03	MQ220801A-002	2	0.52540537	chr1	1	121700001	1	1	2
DM03	MQ220801A-002	2	0.52540537	chr1	132296255	248956423	1	1	2
DM03	MQ220801A-002	2	0.52540537	chr2	1	91800001	1	1	2
DM03	MQ220801A-002	2	0.52540537	chr2	96000000	242193530	1	1	2
DM03	MQ220801A-002	2	0.52540537	chr3	1	87788591	1	1	2
DM03	MQ220801A-002	2	0.52540537	chr3	94910546	198295560	1	1	2
DM03	MQ220801A-002	2	0.52540537	chr4	1	48200001	1	1	2
DM03	MQ220801A-002	2	0.52540537	chr4	51800000	190214556	1	1	2
DM03	MQ220801A-002	2	0.52540537	chr5	1	46100001	1	1	2
DM03	MQ220801A-002	2	0.52540537	chr5	51846419	181538260	1	1	2
DM03	MQ220801A-002	2	0.52540537	chr6	1	58500001	1	1	2
DM03	MQ220801A-002	2	0.52540537	chr6	62600000	170805980	1	1	2
DM03	MQ220801A-002	2	0.52540537	chr7	1	58100001	1	1	2
DM03	MQ220801A-002	2	0.52540537	chr7	62100000	159345974	1	1	2
DM03	MQ220801A-002	2	0.52540537	chr8	1	42929213	1	1	2
DM03	MQ220801A-002	2	0.52540537	chr8	47200000	145138637	1	1	2
DM03	MQ220801A-002	2	0.52540537	chr9	1	42200001	1	1	2
DM03	MQ220801A-002	2	0.52540537	chr9	52984163	138394718	1	1	2
DM03	MQ220801A-002	2	0.52540537	chr10	1	37991377	1	1	2
DM03	MQ220801A-002	2	0.52540537	chr10	41600000	71795171	1	1	2
DM03	MQ220801A-002	2	0.52540537	chr10	71795171	133797423	2	0	2
DM03	MQ220801A-002	2	0.52540537	chr11	1	51000001	1	1	2
DM03	MQ220801A-002	2	0.52540537	chr11	55808202	135086623	1	1	2
DM03	MQ220801A-002	2	0.52540537	chr12	1	27395450	2	0	2
DM03	MQ220801A-002	2	0.52540537	chr12	27395450	33200001	1	1	2
DM03	MQ220801A-002	2	0.52540537	chr12	37802155	133275310	1	1	2
DM03	MQ220801A-002	2	0.52540537	chr13	18900000	114364329	1	1	2
DM03	MQ220801A-002	2	0.52540537	chr14	18200000	107043719	1	1	2
DM03	MQ220801A-002	2	0.52540537	chr15	20500000	101991190	1	1	2
DM03	MQ220801A-002	2	0.52540537	chr16	1	35300001	1	1	2
DM03	MQ220801A-002	2	0.52540537	chr16	40778112	90338346	1	1	2
DM03	MQ220801A-002	2	0.52540537	chr17	1	22700001	1	1	2
DM03	MQ220801A-002	2	0.52540537	chr17	27400000	83257442	1	1	2
DM03	MQ220801A-002	2	0.52540537	chr18	1	15400001	1	1	2
DM03	MQ220801A-002	2	0.52540537	chr18	21514388	80373286	1	1	2
DM03	MQ220801A-002	2	0.52540537	chr19	1	24200001	1	1	2
DM03	MQ220801A-002	2	0.52540537	chr19	28100000	58617617	1	1	2
DM03	MQ220801A-002	2	0.52540537	chr20	1	25632480	1	1	2
DM03	MQ220801A-002	2	0.52540537	chr20	30522286	64444168	1	1	2
DM03	MQ220801A-002	2	0.52540537	chr21	1	10900001	1	1	2
DM03	MQ220801A-002	2	0.52540537	chr21	13000000	46709984	1	1	2
DM03	MQ220801A-002	2	0.52540537	chr22	1	13700001	1	1	2
DM03	MQ220801A-002	2	0.52540537	chr22	17400000	50818469	1	1	2
DM18	MQ220801A-003	2	0.50610404	chr1	1	121700001	1	1	2
DM18	MQ220801A-003	2	0.50610404	chr1	125100000	248956423	1	1	2
DM18	MQ220801A-003	2	0.50610404	chr2	1	91800001	1	1	2
DM18	MQ220801A-003	2	0.50610404	chr2	96126406	242193530	1	1	2
DM18	MQ220801A-003	2	0.50610404	chr3	1	87800001	1	1	2
DM18	MQ220801A-003	2	0.50610404	chr3	94190999	198295560	1	1	2
DM18	MQ220801A-003	2	0.50610404	chr4	1	47973829	1	1	2
DM18	MQ220801A-003	2	0.50610404	chr4	51800000	190214556	1	1	2
DM18	MQ220801A-003	2	0.50610404	chr5	1	46100001	1	1	2
DM18	MQ220801A-003	2	0.50610404	chr5	51711076	181538260	1	1	2
DM18	MQ220801A-003	2	0.50610404	chr6	1	58500001	1	1	2
DM18	MQ220801A-003	2	0.50610404	chr6	62600000	170805980	1	1	2
DM18	MQ220801A-003	2	0.50610404	chr7	1	58100001	1	1	2
DM18	MQ220801A-003	2	0.50610404	chr7	62100000	159345974	1	1	2
DM18	MQ220801A-003	2	0.50610404	chr8	1	43200001	1	1	2
DM18	MQ220801A-003	2	0.50610404	chr8	47209094	145138637	1	1	2
DM18	MQ220801A-003	2	0.50610404	chr9	1	42200001	1	1	2
DM18	MQ220801A-003	2	0.50610404	chr9	53155745	138394718	1	1	2
DM18	MQ220801A-003	2	0.50610404	chr10	1	37934401	1	1	2
DM18	MQ220801A-003	2	0.50610404	chr10	41600000	75043966	1	1	2
DM18	MQ220801A-003	2	0.50610404	chr10	75043966	133797423	2	0	2
DM18	MQ220801A-003	2	0.50610404	chr11	1	51000001	1	1	2
DM18	MQ220801A-003	2	0.50610404	chr11	55952227	135086623	1	1	2
DM18	MQ220801A-003	2	0.50610404	chr12	1	33200001	1	1	2
DM18	MQ220801A-003	2	0.50610404	chr12	37800000	133275310	1	1	2
DM18	MQ220801A-003	2	0.50610404	chr13	18920118	114364329	1	1	2
DM18	MQ220801A-003	2	0.50610404	chr14	18200000	107043719	1	1	2
DM18	MQ220801A-003	2	0.50610404	chr15	20500000	101991190	1	1	2
DM18	MQ220801A-003	2	0.50610404	chr16	1	35300001	1	1	2
DM18	MQ220801A-003	2	0.50610404	chr16	40489838	90338346	1	1	2
DM18	MQ220801A-003	2	0.50610404	chr17	1	22700001	1	1	2
DM18	MQ220801A-003	2	0.50610404	chr17	27431149	83257442	1	1	2
DM18	MQ220801A-003	2	0.50610404	chr18	1	15400001	1	1	2
DM18	MQ220801A-003	2	0.50610404	chr18	21514388	80373286	1	1	2
DM18	MQ220801A-003	2	0.50610404	chr19	1	24004279	1	1	2
DM18	MQ220801A-003	2	0.50610404	chr19	28735780	58617617	1	1	2
DM18	MQ220801A-003	2	0.50610404	chr20	1	25700001	1	1	2
DM18	MQ220801A-003	2	0.50610404	chr20	30442649	64444168	1	1	2
DM18	MQ220801A-003	2	0.50610404	chr21	1	10900001	1	1	2
DM18	MQ220801A-003	2	0.50610404	chr21	13000000	46709984	1	1	2
DM18	MQ220801A-003	2	0.50610404	chr22	1	13700001	1	1	2
DM18	MQ220801A-003	2	0.50610404	chr22	17400000	50818469	1	1	2
DM24	MQ220801A-004	2	0.1	chr1	1	121700001	1	1	2
DM24	MQ220801A-004	2	0.1	chr1	125100000	248956423	1	1	2
DM24	MQ220801A-004	2	0.1	chr2	1	91800001	1	1	2
DM24	MQ220801A-004	2	0.1	chr2	96002731	242193530	1	1	2
DM24	MQ220801A-004	2	0.1	chr3	1	87680041	1	1	2
DM24	MQ220801A-004	2	0.1	chr3	94321381	198295560	1	1	2
DM24	MQ220801A-004	2	0.1	chr4	1	48200001	1	1	2
DM24	MQ220801A-004	2	0.1	chr4	51800000	190214556	1	1	2
DM24	MQ220801A-004	2	0.1	chr5	1	46100001	1	1	2
DM24	MQ220801A-004	2	0.1	chr5	51660820	181538260	1	1	2
DM24	MQ220801A-004	2	0.1	chr6	1	58500001	1	1	2
DM24	MQ220801A-004	2	0.1	chr6	62600000	170805980	1	1	2
DM24	MQ220801A-004	2	0.1	chr7	1	58100001	1	1	2
DM24	MQ220801A-004	2	0.1	chr7	62100000	159345974	1	1	2
DM24	MQ220801A-004	2	0.1	chr8	1	43200001	1	1	2
DM24	MQ220801A-004	2	0.1	chr8	47334208	145138637	1	1	2
DM24	MQ220801A-004	2	0.1	chr9	1	42161593	1	1	2
DM24	MQ220801A-004	2	0.1	chr9	51829283	138394718	1	1	2
DM24	MQ220801A-004	2	0.1	chr10	1	37859675	1	1	2
DM24	MQ220801A-004	2	0.1	chr10	41600000	133797423	1	1	2
DM24	MQ220801A-004	2	0.1	chr11	1	51000001	1	1	2
DM24	MQ220801A-004	2	0.1	chr11	55808431	135086623	1	1	2
DM24	MQ220801A-004	2	0.1	chr12	1	33200001	1	1	2
DM24	MQ220801A-004	2	0.1	chr12	37800000	133275310	1	1	2
DM24	MQ220801A-004	2	0.1	chr13	18900000	114364329	1	1	2
DM24	MQ220801A-004	2	0.1	chr14	18200000	107043719	1	1	2
DM24	MQ220801A-004	2	0.1	chr15	20500000	101991190	1	1	2
DM24	MQ220801A-004	2	0.1	chr16	1	35300001	1	1	2
DM24	MQ220801A-004	2	0.1	chr16	40487390	90338346	1	1	2
DM24	MQ220801A-004	2	0.1	chr17	1	22700001	1	1	2
DM24	MQ220801A-004	2	0.1	chr17	27400000	83257442	1	1	2
DM24	MQ220801A-004	2	0.1	chr18	1	15400001	1	1	2
DM24	MQ220801A-004	2	0.1	chr18	21500000	80373286	1	1	2
DM24	MQ220801A-004	2	0.1	chr19	1	24200001	1	1	2
DM24	MQ220801A-004	2	0.1	chr19	28563771	58617617	1	1	2
DM24	MQ220801A-004	2	0.1	chr20	1	25687784	1	1	2
DM24	MQ220801A-004	2	0.1	chr20	30528104	64444168	1	1	2
DM24	MQ220801A-004	2	0.1	chr21	1	10900001	1	1	2
DM24	MQ220801A-004	2	0.1	chr21	13000000	46709984	1	1	2
DM24	MQ220801A-004	2	0.1	chr22	1	13700001	1	1	2
DM24	MQ220801A-004	2	0.1	chr22	17400000	50818469	1	1	2
DM27	MQ220801A-005	2	0.56053685	chr1	1	121700001	1	1	2
DM27	MQ220801A-005	2	0.56053685	chr1	134175043	248956423	1	1	2
DM27	MQ220801A-005	2	0.56053685	chr2	1	91794886	1	1	2
DM27	MQ220801A-005	2	0.56053685	chr2	96000000	242193530	1	1	2
DM27	MQ220801A-005	2	0.56053685	chr3	1	87596460	1	1	2
DM27	MQ220801A-005	2	0.56053685	chr3	95558529	198295560	1	1	2
DM27	MQ220801A-005	2	0.56053685	chr4	1	48179408	1	1	2
DM27	MQ220801A-005	2	0.56053685	chr4	51800000	190214556	1	1	2
DM27	MQ220801A-005	2	0.56053685	chr5	1	46100001	1	1	2
DM27	MQ220801A-005	2	0.56053685	chr5	52095348	181538260	1	1	2
DM27	MQ220801A-005	2	0.56053685	chr6	1	58500001	1	1	2
DM27	MQ220801A-005	2	0.56053685	chr6	62600000	170805980	1	1	2
DM27	MQ220801A-005	2	0.56053685	chr7	1	58100001	1	1	2
DM27	MQ220801A-005	2	0.56053685	chr7	62100000	159345974	1	1	2
DM27	MQ220801A-005	2	0.56053685	chr8	1	43200001	1	1	2
DM27	MQ220801A-005	2	0.56053685	chr8	47209094	145138637	4	1	5
DM27	MQ220801A-005	2	0.56053685	chr9	1	42055100	1	1	2
DM27	MQ220801A-005	2	0.56053685	chr9	52956203	138394718	1	1	2
DM27	MQ220801A-005	2	0.56053685	chr10	1	37683119	1	1	2
DM27	MQ220801A-005	2	0.56053685	chr10	41600000	133797423	2	0	2
DM27	MQ220801A-005	2	0.56053685	chr11	1	51000001	1	1	2
DM27	MQ220801A-005	2	0.56053685	chr11	55817883	135086623	1	1	2
DM27	MQ220801A-005	2	0.56053685	chr12	1	33200001	1	1	2
DM27	MQ220801A-005	2	0.56053685	chr12	37800000	133275310	1	1	2
DM27	MQ220801A-005	2	0.56053685	chr13	18900000	114364329	1	1	2
DM27	MQ220801A-005	2	0.56053685	chr14	18200000	107043719	1	1	2
DM27	MQ220801A-005	2	0.56053685	chr15	20500000	101991190	1	1	2
DM27	MQ220801A-005	2	0.56053685	chr16	1	35300001	1	1	2
DM27	MQ220801A-005	2	0.56053685	chr16	40488038	90338346	1	1	2
DM27	MQ220801A-005	2	0.56053685	chr17	1	22700001	1	1	2
DM27	MQ220801A-005	2	0.56053685	chr17	27400000	83257442	1	1	2
DM27	MQ220801A-005	2	0.56053685	chr18	1	15400001	1	1	2
DM27	MQ220801A-005	2	0.56053685	chr18	21500000	80373286	1	1	2
DM27	MQ220801A-005	2	0.56053685	chr19	1	24200001	1	1	2
DM27	MQ220801A-005	2	0.56053685	chr19	28100000	58617617	1	1	2
DM27	MQ220801A-005	2	0.56053685	chr20	1	25700001	1	1	2
DM27	MQ220801A-005	2	0.56053685	chr20	30602069	64444168	1	1	2
DM27	MQ220801A-005	2	0.56053685	chr21	1	10900001	2	0	2
DM27	MQ220801A-005	2	0.56053685	chr21	13000000	46709984	1	1	2
DM27	MQ220801A-005	2	0.56053685	chr22	1	13700001	1	1	2
DM27	MQ220801A-005	2	0.56053685	chr22	17400000	50818469	1	1	2
DM05	MQ220801A-006	2	0.1	chr1	1	121700001	1	1	2
DM05	MQ220801A-006	2	0.1	chr1	125100000	248956423	1	1	2
DM05	MQ220801A-006	2	0.1	chr2	1	91800001	1	1	2
DM05	MQ220801A-006	2	0.1	chr2	96321484	242193530	1	1	2
DM05	MQ220801A-006	2	0.1	chr3	1	87800001	1	1	2
DM05	MQ220801A-006	2	0.1	chr3	94000000	198295560	1	1	2
DM05	MQ220801A-006	2	0.1	chr4	1	48200001	1	1	2
DM05	MQ220801A-006	2	0.1	chr4	51800000	190214556	1	1	2
DM05	MQ220801A-006	2	0.1	chr5	1	46100001	1	1	2
DM05	MQ220801A-006	2	0.1	chr5	51847319	181538260	1	1	2
DM05	MQ220801A-006	2	0.1	chr6	1	58500001	1	1	2
DM05	MQ220801A-006	2	0.1	chr6	62600000	170805980	1	1	2
DM05	MQ220801A-006	2	0.1	chr7	1	58100001	1	1	2
DM05	MQ220801A-006	2	0.1	chr7	62100000	159345974	1	1	2
DM05	MQ220801A-006	2	0.1	chr8	1	42920732	1	1	2
DM05	MQ220801A-006	2	0.1	chr8	47282237	145138637	1	1	2
DM05	MQ220801A-006	2	0.1	chr9	1	42200001	1	1	2
DM05	MQ220801A-006	2	0.1	chr9	52887330	138394718	1	1	2
DM05	MQ220801A-006	2	0.1	chr10	1	37992594	1	1	2
DM05	MQ220801A-006	2	0.1	chr10	41600000	133797423	1	1	2
DM05	MQ220801A-006	2	0.1	chr11	1	51000001	1	1	2
DM05	MQ220801A-006	2	0.1	chr11	55800000	135086623	1	1	2
DM05	MQ220801A-006	2	0.1	chr12	1	33200001	1	1	2
DM05	MQ220801A-006	2	0.1	chr12	37800000	133275310	1	1	2
DM05	MQ220801A-006	2	0.1	chr13	18920890	114364329	1	1	2
DM05	MQ220801A-006	2	0.1	chr14	18200000	107043719	1	1	2
DM05	MQ220801A-006	2	0.1	chr15	20534542	101991190	1	1	2
DM05	MQ220801A-006	2	0.1	chr16	1	35300001	1	1	2
DM05	MQ220801A-006	2	0.1	chr16	40490783	90338346	1	1	2
DM05	MQ220801A-006	2	0.1	chr17	1	22700001	1	1	2
DM05	MQ220801A-006	2	0.1	chr17	27400000	83257442	1	1	2
DM05	MQ220801A-006	2	0.1	chr18	1	15400001	1	1	2
DM05	MQ220801A-006	2	0.1	chr18	21500000	80373286	1	1	2
DM05	MQ220801A-006	2	0.1	chr19	1	24193009	1	1	2
DM05	MQ220801A-006	2	0.1	chr19	28777294	58617617	1	1	2
DM05	MQ220801A-006	2	0.1	chr20	1	25700001	1	1	2
DM05	MQ220801A-006	2	0.1	chr20	30441319	64444168	1	1	2
DM05	MQ220801A-006	2	0.1	chr21	1	10900001	1	1	2
DM05	MQ220801A-006	2	0.1	chr21	13000000	46709984	1	1	2
DM05	MQ220801A-006	2	0.1	chr22	1	13700001	1	1	2
DM05	MQ220801A-006	2	0.1	chr22	17400000	50818469	1	1	2
DM32	MQ220801A-007	2	0.45782397	chr1	1	121700001	1	1	2
DM32	MQ220801A-007	2	0.45782397	chr1	125100000	248956423	1	1	2
DM32	MQ220801A-007	2	0.45782397	chr2	1	91799312	1	1	2
DM32	MQ220801A-007	2	0.45782397	chr2	96144720	242193530	1	1	2
DM32	MQ220801A-007	2	0.45782397	chr3	1	87731908	1	1	2
DM32	MQ220801A-007	2	0.45782397	chr3	95270740	198295560	1	1	2
DM32	MQ220801A-007	2	0.45782397	chr4	1	48179095	1	1	2
DM32	MQ220801A-007	2	0.45782397	chr4	51800000	190214556	1	1	2
DM32	MQ220801A-007	2	0.45782397	chr5	1	46100001	1	1	2
DM32	MQ220801A-007	2	0.45782397	chr5	51847289	181538260	1	1	2
DM32	MQ220801A-007	2	0.45782397	chr6	1	58500001	1	1	2
DM32	MQ220801A-007	2	0.45782397	chr6	62672350	170805980	1	1	2
DM32	MQ220801A-007	2	0.45782397	chr7	1	58100001	1	1	2
DM32	MQ220801A-007	2	0.45782397	chr7	62100000	159345974	1	1	2
DM32	MQ220801A-007	2	0.45782397	chr8	1	43054896	1	1	2
DM32	MQ220801A-007	2	0.45782397	chr8	47334208	145138637	1	1	2
DM32	MQ220801A-007	2	0.45782397	chr9	1	42145340	1	1	2
DM32	MQ220801A-007	2	0.45782397	chr9	51838121	87717215	1	1	2
DM32	MQ220801A-007	2	0.45782397	chr9	87717215	110191323	2	0	2
DM32	MQ220801A-007	2	0.45782397	chr9	110191323	138394718	1	1	2
DM32	MQ220801A-007	2	0.45782397	chr10	1	37934460	1	1	2
DM32	MQ220801A-007	2	0.45782397	chr10	41600000	77793155	1	1	2
DM32	MQ220801A-007	2	0.45782397	chr10	77793155	133797423	2	0	2
DM32	MQ220801A-007	2	0.45782397	chr11	1	51000001	1	1	2
DM32	MQ220801A-007	2	0.45782397	chr11	55835090	135086623	1	1	2
DM32	MQ220801A-007	2	0.45782397	chr12	1	33093306	1	1	2
DM32	MQ220801A-007	2	0.45782397	chr12	37800000	133275310	1	1	2
DM32	MQ220801A-007	2	0.45782397	chr13	18900000	114364329	1	1	2
DM32	MQ220801A-007	2	0.45782397	chr14	18200000	107043719	1	1	2
DM32	MQ220801A-007	2	0.45782397	chr15	20500000	101991190	1	1	2
DM32	MQ220801A-007	2	0.45782397	chr16	1	35300001	1	1	2
DM32	MQ220801A-007	2	0.45782397	chr16	41243800	90338346	1	1	2
DM32	MQ220801A-007	2	0.45782397	chr17	1	22700001	1	1	2
DM32	MQ220801A-007	2	0.45782397	chr17	27400000	83257442	1	1	2
DM32	MQ220801A-007	2	0.45782397	chr18	1	15400001	1	1	2
DM32	MQ220801A-007	2	0.45782397	chr18	21500000	80373286	1	1	2
DM32	MQ220801A-007	2	0.45782397	chr19	1	24200001	1	1	2
DM32	MQ220801A-007	2	0.45782397	chr19	28100000	58617617	1	1	2
DM32	MQ220801A-007	2	0.45782397	chr20	1	25700001	1	1	2
DM32	MQ220801A-007	2	0.45782397	chr20	30470592	64444168	1	1	2
DM32	MQ220801A-007	2	0.45782397	chr21	1	10900001	1	1	2
DM32	MQ220801A-007	2	0.45782397	chr21	13000000	46709984	1	1	2
DM32	MQ220801A-007	2	0.45782397	chr22	1	13700001	1	1	2
DM32	MQ220801A-007	2	0.45782397	chr22	17400000	50818469	1	1	2
DM33	MQ220801A-008	2	0.37775572	chr1	1	121700001	1	1	2
DM33	MQ220801A-008	2	0.37775572	chr1	125102840	248956423	1	1	2
DM33	MQ220801A-008	2	0.37775572	chr2	1	91800001	1	1	2
DM33	MQ220801A-008	2	0.37775572	chr2	96149110	242193530	1	1	2
DM33	MQ220801A-008	2	0.37775572	chr3	1	87635038	1	1	2
DM33	MQ220801A-008	2	0.37775572	chr3	94000000	198295560	1	1	2
DM33	MQ220801A-008	2	0.37775572	chr4	1	48200001	1	1	2
DM33	MQ220801A-008	2	0.37775572	chr4	51800000	190214556	1	1	2
DM33	MQ220801A-008	2	0.37775572	chr5	1	46100001	1	1	2
DM33	MQ220801A-008	2	0.37775572	chr5	52088940	181538260	1	1	2
DM33	MQ220801A-008	2	0.37775572	chr6	1	58500001	1	1	2
DM33	MQ220801A-008	2	0.37775572	chr6	62600000	170805980	1	1	2
DM33	MQ220801A-008	2	0.37775572	chr7	1	58100001	1	1	2
DM33	MQ220801A-008	2	0.37775572	chr7	62100000	159345974	1	1	2
DM33	MQ220801A-008	2	0.37775572	chr8	1	43200001	1	1	2
DM33	MQ220801A-008	2	0.37775572	chr8	47200000	145138637	1	1	2
DM33	MQ220801A-008	2	0.37775572	chr9	1	42161597	1	1	2
DM33	MQ220801A-008	2	0.37775572	chr9	51828965	70315213	1	1	2
DM33	MQ220801A-008	2	0.37775572	chr9	70315213	79555933	1	0	1
DM33	MQ220801A-008	2	0.37775572	chr9	79555933	138394718	1	1	2
DM33	MQ220801A-008	2	0.37775572	chr10	1	37597610	1	1	2
DM33	MQ220801A-008	2	0.37775572	chr10	41600000	133797423	1	1	2
DM33	MQ220801A-008	2	0.37775572	chr11	1	51000001	1	1	2
DM33	MQ220801A-008	2	0.37775572	chr11	55808149	135086623	1	1	2
DM33	MQ220801A-008	2	0.37775572	chr12	1	33184663	1	1	2
DM33	MQ220801A-008	2	0.37775572	chr12	37888736	133275310	1	1	2
DM33	MQ220801A-008	2	0.37775572	chr13	18925177	114364329	1	0	1
DM33	MQ220801A-008	2	0.37775572	chr14	18200000	107043719	1	1	2
DM33	MQ220801A-008	2	0.37775572	chr15	20500000	101991190	1	1	2
DM33	MQ220801A-008	2	0.37775572	chr16	1	35036990	1	0	1
DM33	MQ220801A-008	2	0.37775572	chr16	40936073	90338346	1	0	1
DM33	MQ220801A-008	2	0.37775572	chr17	1	22700001	1	1	2
DM33	MQ220801A-008	2	0.37775572	chr17	27400000	83257442	1	1	2
DM33	MQ220801A-008	2	0.37775572	chr18	1	15400001	1	1	2
DM33	MQ220801A-008	2	0.37775572	chr18	21500000	80373286	1	1	2
DM33	MQ220801A-008	2	0.37775572	chr19	1	24200001	1	1	2
DM33	MQ220801A-008	2	0.37775572	chr19	28100000	58617617	1	1	2
DM33	MQ220801A-008	2	0.37775572	chr20	1	25625872	1	1	2
DM33	MQ220801A-008	2	0.37775572	chr20	30522355	64444168	1	1	2
DM33	MQ220801A-008	2	0.37775572	chr21	1	10900001	1	1	2
DM33	MQ220801A-008	2	0.37775572	chr21	13000000	46709984	1	1	2
DM33	MQ220801A-008	2	0.37775572	chr22	1	13700001	1	1	2
DM33	MQ220801A-008	2	0.37775572	chr22	17400000	50818469	1	1	2
DM36	MQ230307A_001	4	0.7425708	chr1	1	121700001	2	2	4
DM36	MQ230307A_001	4	0.7425708	chr1	125100000	248956423	4	2	6
DM36	MQ230307A_001	4	0.7425708	chr2	1	91800001	3	2	5
DM36	MQ230307A_001	4	0.7425708	chr2	96000000	242193530	3	2	5
DM36	MQ230307A_001	4	0.7425708	chr3	1	87800001	2	2	4
DM36	MQ230307A_001	4	0.7425708	chr3	95045245	198295560	2	2	4
DM36	MQ230307A_001	4	0.7425708	chr4	1	48168727	2	2	4
DM36	MQ230307A_001	4	0.7425708	chr4	51800000	190214556	2	2	4
DM36	MQ230307A_001	4	0.7425708	chr5	1	46100001	3	2	5
DM36	MQ230307A_001	4	0.7425708	chr5	51847304	181538260	3	2	5
DM36	MQ230307A_001	4	0.7425708	chr6	1	58500001	2	2	4
DM36	MQ230307A_001	4	0.7425708	chr6	62600000	170805980	2	2	4
DM36	MQ230307A_001	4	0.7425708	chr7	1	58100001	3	2	5
DM36	MQ230307A_001	4	0.7425708	chr7	62100000	159345974	3	2	5
DM36	MQ230307A_001	4	0.7425708	chr8	1	43200001	2	2	4
DM36	MQ230307A_001	4	0.7425708	chr8	47300034	141215951	2	2	4
DM36	MQ230307A_001	4	0.7425708	chr8	141215951	145138637	4	2	6
DM36	MQ230307A_001	4	0.7425708	chr9	1	42161539	4	2	6
DM36	MQ230307A_001	4	0.7425708	chr9	51838121	138394718	2	2	4
DM36	MQ230307A_001	4	0.7425708	chr10	1	37806472	2	2	4
DM36	MQ230307A_001	4	0.7425708	chr10	41600000	133797423	2	2	4
DM36	MQ230307A_001	4	0.7425708	chr11	1	51000001	2	2	4
DM36	MQ230307A_001	4	0.7425708	chr11	55800000	135086623	2	2	4
DM36	MQ230307A_001	4	0.7425708	chr12	1	33184663	3	2	5
DM36	MQ230307A_001	4	0.7425708	chr12	37800000	133275310	3	2	5
DM36	MQ230307A_001	4	0.7425708	chr13	18900000	114364329	2	2	4
DM36	MQ230307A_001	4	0.7425708	chr14	18200000	107043719	2	2	4
DM36	MQ230307A_001	4	0.7425708	chr15	20500000	101991190	2	2	4
DM36	MQ230307A_001	4	0.7425708	chr16	1	34969774	2	2	4
DM36	MQ230307A_001	4	0.7425708	chr16	40865431	90338346	2	2	4
DM36	MQ230307A_001	4	0.7425708	chr17	1	22700001	3	2	5
DM36	MQ230307A_001	4	0.7425708	chr17	27400000	83257442	3	2	5
DM36	MQ230307A_001	4	0.7425708	chr18	1	15400001	3	2	5
DM36	MQ230307A_001	4	0.7425708	chr18	21843328	80373286	3	2	5
DM36	MQ230307A_001	4	0.7425708	chr19	1	24200001	2	2	4
DM36	MQ230307A_001	4	0.7425708	chr19	28563771	58617617	2	2	4
DM36	MQ230307A_001	4	0.7425708	chr20	1	25688458	3	2	5
DM36	MQ230307A_001	4	0.7425708	chr20	30601343	64444168	3	2	5
DM36	MQ230307A_001	4	0.7425708	chr21	1	10900001	2	2	4
DM36	MQ230307A_001	4	0.7425708	chr21	13000000	46709984	3	2	5
DM36	MQ230307A_001	4	0.7425708	chr22	1	13700001	3	2	5
DM36	MQ230307A_001	4	0.7425708	chr22	17400000	50818469	2	2	4
DM35	MQ221103C-001	2	0.53140802	chr1	1	16580822	2	0	2
DM35	MQ221103C-001	2	0.53140802	chr1	16580822	16948569	1	1	2
DM35	MQ221103C-001	2	0.53140802	chr1	16948569	26366219	2	0	2
DM35	MQ221103C-001	2	0.53140802	chr1	26366219	28234615	2	1	3
DM35	MQ221103C-001	2	0.53140802	chr1	28234615	121700001	1	1	2
DM35	MQ221103C-001	2	0.53140802	chr1	125100000	248956423	2	1	3
DM35	MQ221103C-001	2	0.53140802	chr2	1	91795857	2	1	3
DM35	MQ221103C-001	2	0.53140802	chr2	96000000	242193530	2	1	3
DM35	MQ221103C-001	2	0.53140802	chr3	1	87595999	1	1	2
DM35	MQ221103C-001	2	0.53140802	chr3	94000000	198295560	1	1	2
DM35	MQ221103C-001	2	0.53140802	chr4	1	48200001	1	1	2
DM35	MQ221103C-001	2	0.53140802	chr4	51800000	190214556	1	1	2
DM35	MQ221103C-001	2	0.53140802	chr5	1	46100001	1	1	2
DM35	MQ221103C-001	2	0.53140802	chr5	51499376	181538260	1	1	2
DM35	MQ221103C-001	2	0.53140802	chr6	1	1454344	2	1	3
DM35	MQ221103C-001	2	0.53140802	chr6	1454344	32522168	2	0	2
DM35	MQ221103C-001	2	0.53140802	chr6	32522168	32584265	1	1	2
DM35	MQ221103C-001	2	0.53140802	chr6	32584265	58500001	2	0	2
DM35	MQ221103C-001	2	0.53140802	chr6	62748981	170805980	2	0	2
DM35	MQ221103C-001	2	0.53140802	chr7	1	58100001	1	1	2
DM35	MQ221103C-001	2	0.53140802	chr7	62100000	94545652	1	1	2
DM35	MQ221103C-001	2	0.53140802	chr7	94545652	159345974	4	1	5
DM35	MQ221103C-001	2	0.53140802	chr8	1	43200001	1	1	2
DM35	MQ221103C-001	2	0.53140802	chr8	47200000	145138637	1	1	2
DM35	MQ221103C-001	2	0.53140802	chr9	1	42200001	1	1	2
DM35	MQ221103C-001	2	0.53140802	chr9	52955823	138394718	1	1	2
DM35	MQ221103C-001	2	0.53140802	chr10	1	37267458	1	1	2
DM35	MQ221103C-001	2	0.53140802	chr10	41600000	51698823	1	1	2
DM35	MQ221103C-001	2	0.53140802	chr10	51698823	61431866	2	1	3
DM35	MQ221103C-001	2	0.53140802	chr10	61431866	133797423	2	0	2
DM35	MQ221103C-001	2	0.53140802	chr11	1	51000001	1	1	2
DM35	MQ221103C-001	2	0.53140802	chr11	55804428	135086623	1	1	2
DM35	MQ221103C-001	2	0.53140802	chr12	1	33200001	1	1	2
DM35	MQ221103C-001	2	0.53140802	chr12	37800000	133275310	1	1	2
DM35	MQ221103C-001	2	0.53140802	chr13	18900000	114364329	1	1	2
DM35	MQ221103C-001	2	0.53140802	chr14	18200000	107043719	1	1	2
DM35	MQ221103C-001	2	0.53140802	chr15	20508977	101991190	1	1	2
DM35	MQ221103C-001	2	0.53140802	chr16	1	35300001	1	1	2
DM35	MQ221103C-001	2	0.53140802	chr16	40489533	90338346	1	1	2
DM35	MQ221103C-001	2	0.53140802	chr17	1	21415543	1	1	2
DM35	MQ221103C-001	2	0.53140802	chr17	21415543	22700001	2	1	3
DM35	MQ221103C-001	2	0.53140802	chr17	27400000	83257442	1	1	2
DM35	MQ221103C-001	2	0.53140802	chr18	1	15400001	1	1	2
DM35	MQ221103C-001	2	0.53140802	chr18	21500000	80373286	1	1	2
DM35	MQ221103C-001	2	0.53140802	chr19	1	24200001	1	1	2
DM35	MQ221103C-001	2	0.53140802	chr19	28100000	58617617	1	1	2
DM35	MQ221103C-001	2	0.53140802	chr20	1	25700001	1	1	2
DM35	MQ221103C-001	2	0.53140802	chr20	30523190	64444168	1	1	2
DM35	MQ221103C-001	2	0.53140802	chr21	1	10900001	1	1	2
DM35	MQ221103C-001	2	0.53140802	chr21	13000000	46709984	1	1	2
DM35	MQ221103C-001	2	0.53140802	chr22	1	13700001	1	1	2
DM35	MQ221103C-001	2	0.53140802	chr22	17400000	50818469	1	1	2
DM37	MQ230307A_002	2	0.50320587	chr1	1	121700001	1	1	2
DM37	MQ230307A_002	2	0.50320587	chr1	125100000	248956423	1	1	2
DM37	MQ230307A_002	2	0.50320587	chr2	1	91800001	1	1	2
DM37	MQ230307A_002	2	0.50320587	chr2	96000000	242193530	1	1	2
DM37	MQ230307A_002	2	0.50320587	chr3	1	87658210	1	1	2
DM37	MQ230307A_002	2	0.50320587	chr3	94000000	129584620	1	1	2
DM37	MQ230307A_002	2	0.50320587	chr3	129584620	195684268	2	0	2
DM37	MQ230307A_002	2	0.50320587	chr3	195684268	195786583	2	1	3
DM37	MQ230307A_002	2	0.50320587	chr3	195786583	198295560	2	0	2
DM37	MQ230307A_002	2	0.50320587	chr4	1	48200001	1	1	2
DM37	MQ230307A_002	2	0.50320587	chr4	51800000	190214556	1	1	2
DM37	MQ230307A_002	2	0.50320587	chr5	1	46100001	1	1	2
DM37	MQ230307A_002	2	0.50320587	chr5	51660820	181538260	1	1	2
DM37	MQ230307A_002	2	0.50320587	chr6	1	58500001	1	1	2
DM37	MQ230307A_002	2	0.50320587	chr6	62600000	122790911	1	1	2
DM37	MQ230307A_002	2	0.50320587	chr6	122790911	170805980	2	0	2
DM37	MQ230307A_002	2	0.50320587	chr7	1	58100001	1	1	2
DM37	MQ230307A_002	2	0.50320587	chr7	62100000	159345974	1	1	2
DM37	MQ230307A_002	2	0.50320587	chr8	1	43200001	2	1	3
DM37	MQ230307A_002	2	0.50320587	chr8	47200000	145138637	2	1	3
DM37	MQ230307A_002	2	0.50320587	chr9	1	42200001	1	1	2
DM37	MQ230307A_002	2	0.50320587	chr9	52859427	138394718	1	1	2
DM37	MQ230307A_002	2	0.50320587	chr10	1	37808784	1	1	2
DM37	MQ230307A_002	2	0.50320587	chr10	41600000	133797423	1	1	2
DM37	MQ230307A_002	2	0.50320587	chr11	1	51000001	1	1	2
DM37	MQ230307A_002	2	0.50320587	chr11	55800000	135086623	1	1	2
DM37	MQ230307A_002	2	0.50320587	chr12	1	32843001	1	1	2
DM37	MQ230307A_002	2	0.50320587	chr12	37800000	133275310	1	1	2
DM37	MQ230307A_002	2	0.50320587	chr13	18900000	114364329	1	1	2
DM37	MQ230307A_002	2	0.50320587	chr14	1	16100001	2	1	3
DM37	MQ230307A_002	2	0.50320587	chr14	18200000	107043719	1	1	2
DM37	MQ230307A_002	2	0.50320587	chr15	20500000	101991190	1	1	2
DM37	MQ230307A_002	2	0.50320587	chr16	1	35254457	1	1	2
DM37	MQ230307A_002	2	0.50320587	chr16	40954353	90338346	1	1	2
DM37	MQ230307A_002	2	0.50320587	chr17	1	22700001	1	1	2
DM37	MQ230307A_002	2	0.50320587	chr17	27400000	83257442	1	1	2
DM37	MQ230307A_002	2	0.50320587	chr18	1	15400001	1	1	2
DM37	MQ230307A_002	2	0.50320587	chr18	21500000	80373286	1	1	2
DM37	MQ230307A_002	2	0.50320587	chr19	1	24088809	1	1	2
DM37	MQ230307A_002	2	0.50320587	chr19	28563771	58617617	1	1	2
DM37	MQ230307A_002	2	0.50320587	chr20	1	25643962	1	1	2
DM37	MQ230307A_002	2	0.50320587	chr20	30445933	64444168	1	1	2
DM37	MQ230307A_002	2	0.50320587	chr21	1	10900001	1	1	2
DM37	MQ230307A_002	2	0.50320587	chr21	13000000	46709984	1	1	2
DM37	MQ230307A_002	2	0.50320587	chr22	1	13700001	1	1	2
DM37	MQ230307A_002	2	0.50320587	chr22	17434620	50818469	1	1	2
DM38	MQ230307A_003	4	0.43221454	chr1	1	16225643	2	2	4
DM38	MQ230307A_003	4	0.43221454	chr1	16225643	16579601	4	2	6
DM38	MQ230307A_003	4	0.43221454	chr1	16579601	16648217	2	2	4
DM38	MQ230307A_003	4	0.43221454	chr1	16648217	26952047	2	0	2
DM38	MQ230307A_003	4	0.43221454	chr1	26952047	28228992	5	0	5
DM38	MQ230307A_003	4	0.43221454	chr1	28228992	36470263	2	0	2
DM38	MQ230307A_003	4	0.43221454	chr1	36470263	44140417	2	2	4
DM38	MQ230307A_003	4	0.43221454	chr1	44140417	45331961	4	2	6
DM38	MQ230307A_003	4	0.43221454	chr1	45331961	111319842	2	2	4
DM38	MQ230307A_003	4	0.43221454	chr1	111319842	111493357	4	2	6
DM38	MQ230307A_003	4	0.43221454	chr1	111493357	121700001	2	2	4
DM38	MQ230307A_003	4	0.43221454	chr1	125100000	168120077	2	2	4
DM38	MQ230307A_003	4	0.43221454	chr1	168120077	234776119	4	2	6
DM38	MQ230307A_003	4	0.43221454	chr1	234776119	248956423	2	2	4
DM38	MQ230307A_003	4	0.43221454	chr2	1	91800001	4	2	6
DM38	MQ230307A_003	4	0.43221454	chr2	96000029	240512293	2	2	4
DM38	MQ230307A_003	4	0.43221454	chr2	240512293	241449071	4	2	6
DM38	MQ230307A_003	4	0.43221454	chr2	241449071	242193530	2	2	4
DM38	MQ230307A_003	4	0.43221454	chr3	1	87690048	2	0	2
DM38	MQ230307A_003	4	0.43221454	chr3	94000000	198295560	4	2	6
DM38	MQ230307A_003	4	0.43221454	chr4	1	612245	2	2	4
DM38	MQ230307A_003	4	0.43221454	chr4	612245	1687550	4	2	6
DM38	MQ230307A_003	4	0.43221454	chr4	1687550	48200001	2	2	4
DM38	MQ230307A_003	4	0.43221454	chr4	51800000	190214556	2	2	4
DM38	MQ230307A_003	4	0.43221454	chr5	1	46100001	2	2	4
DM38	MQ230307A_003	4	0.43221454	chr5	51400000	149880070	2	0	2
DM38	MQ230307A_003	4	0.43221454	chr5	149880070	150706136	5	0	5
DM38	MQ230307A_003	4	0.43221454	chr5	150706136	181538260	2	0	2
DM38	MQ230307A_003	4	0.43221454	chr6	1	41806120	2	2	4
DM38	MQ230307A_003	4	0.43221454	chr6	41806120	42733921	4	2	6
DM38	MQ230307A_003	4	0.43221454	chr6	42733921	43481700	2	2	4
DM38	MQ230307A_003	4	0.43221454	chr6	43481700	45620728	4	2	6
DM38	MQ230307A_003	4	0.43221454	chr6	45620728	58500001	2	2	4
DM38	MQ230307A_003	4	0.43221454	chr6	62616470	154414542	2	2	4
DM38	MQ230307A_003	4	0.43221454	chr6	154414542	170805980	2	0	2
DM38	MQ230307A_003	4	0.43221454	chr7	1	5299756	2	2	4
DM38	MQ230307A_003	4	0.43221454	chr7	5299756	6293483	4	2	6
DM38	MQ230307A_003	4	0.43221454	chr7	6293483	58100001	2	2	4
DM38	MQ230307A_003	4	0.43221454	chr7	62100000	74039433	2	2	4
DM38	MQ230307A_003	4	0.43221454	chr7	74039433	75507751	4	2	6
DM38	MQ230307A_003	4	0.43221454	chr7	75507751	98298915	2	2	4
DM38	MQ230307A_003	4	0.43221454	chr7	98298915	99458397	4	2	6
DM38	MQ230307A_003	4	0.43221454	chr7	99458397	159345974	2	2	4
DM38	MQ230307A_003	4	0.43221454	chr8	1	11848621	5	0	5
DM38	MQ230307A_003	4	0.43221454	chr8	11848621	12374534	4	2	6
DM38	MQ230307A_003	4	0.43221454	chr8	12374534	13021572	2	2	4
DM38	MQ230307A_003	4	0.43221454	chr8	13021572	40273861	5	0	5
DM38	MQ230307A_003	4	0.43221454	chr8	40273861	43200001	4	2	6
DM38	MQ230307A_003	4	0.43221454	chr8	47200000	140655966	4	2	6
DM38	MQ230307A_003	4	0.43221454	chr8	140655966	141188541	2	2	4
DM38	MQ230307A_003	4	0.43221454	chr8	141188541	145138637	4	2	6
DM38	MQ230307A_003	4	0.43221454	chr9	1	42200001	2	0	2
DM38	MQ230307A_003	4	0.43221454	chr9	52346015	97137617	2	0	2
DM38	MQ230307A_003	4	0.43221454	chr9	97137617	97373249	5	0	5
DM38	MQ230307A_003	4	0.43221454	chr9	97373249	138394718	2	0	2
DM38	MQ230307A_003	4	0.43221454	chr10	1	37984235	2	2	4
DM38	MQ230307A_003	4	0.43221454	chr10	41600000	102481722	2	2	4
DM38	MQ230307A_003	4	0.43221454	chr10	102481722	102562311	4	2	6
DM38	MQ230307A_003	4	0.43221454	chr10	102562311	133797423	2	0	2
DM38	MQ230307A_003	4	0.43221454	chr11	1	398478	2	0	2
DM38	MQ230307A_003	4	0.43221454	chr11	398478	1926455	5	0	5
DM38	MQ230307A_003	4	0.43221454	chr11	1926455	51000001	2	2	4
DM38	MQ230307A_003	4	0.43221454	chr11	55800000	65552155	2	2	4
DM38	MQ230307A_003	4	0.43221454	chr11	65552155	65962506	4	2	6
DM38	MQ230307A_003	4	0.43221454	chr11	65962506	70001311	2	2	4
DM38	MQ230307A_003	4	0.43221454	chr11	70001311	70185825	4	2	6
DM38	MQ230307A_003	4	0.43221454	chr11	70185825	135086623	2	2	4
DM38	MQ230307A_003	4	0.43221454	chr12	1	33191956	2	2	4
DM38	MQ230307A_003	4	0.43221454	chr12	37800000	57600119	2	2	4
DM38	MQ230307A_003	4	0.43221454	chr12	57600119	62021860	4	2	6
DM38	MQ230307A_003	4	0.43221454	chr12	62021860	124376371	2	2	4
DM38	MQ230307A_003	4	0.43221454	chr12	124376371	125135642	4	2	6
DM38	MQ230307A_003	4	0.43221454	chr12	125135642	132582011	2	2	4
DM38	MQ230307A_003	4	0.43221454	chr12	132582011	132625390	4	2	6
DM38	MQ230307A_003	4	0.43221454	chr12	132625390	133275310	2	2	4
DM38	MQ230307A_003	4	0.43221454	chr13	18920843	114364329	2	2	4
DM38	MQ230307A_003	4	0.43221454	chr14	18200000	74289211	2	0	2
DM38	MQ230307A_003	4	0.43221454	chr14	74289211	107043719	5	0	5
DM38	MQ230307A_003	4	0.43221454	chr15	20500000	101991190	2	2	4
DM38	MQ230307A_003	4	0.43221454	chr16	1	35300001	2	2	4
DM38	MQ230307A_003	4	0.43221454	chr16	41244004	90338346	2	2	4
DM38	MQ230307A_003	4	0.43221454	chr17	1	21295848	2	0	2
DM38	MQ230307A_003	4	0.43221454	chr17	21295848	22700001	2	2	4
DM38	MQ230307A_003	4	0.43221454	chr17	27400000	38480832	2	2	4
DM38	MQ230307A_003	4	0.43221454	chr17	38480832	38914711	2	0	2
DM38	MQ230307A_003	4	0.43221454	chr17	38914711	39067943	5	0	5
DM38	MQ230307A_003	4	0.43221454	chr17	39067943	40978786	2	0	2
DM38	MQ230307A_003	4	0.43221454	chr17	40978786	41488788	4	2	6
DM38	MQ230307A_003	4	0.43221454	chr17	41488788	45102463	2	0	2
DM38	MQ230307A_003	4	0.43221454	chr17	45102463	47383089	2	2	4
DM38	MQ230307A_003	4	0.43221454	chr17	47383089	48907886	4	2	6
DM38	MQ230307A_003	4	0.43221454	chr17	48907886	63516273	2	2	4
DM38	MQ230307A_003	4	0.43221454	chr17	63516273	75114117	2	0	2
DM38	MQ230307A_003	4	0.43221454	chr17	75114117	75995316	5	0	5
DM38	MQ230307A_003	4	0.43221454	chr17	75995316	77197137	2	0	2
DM38	MQ230307A_003	4	0.43221454	chr17	77197137	83257442	2	2	4
DM38	MQ230307A_003	4	0.43221454	chr18	1	15400001	2	2	4
DM38	MQ230307A_003	4	0.43221454	chr18	21500000	80373286	2	2	4
DM38	MQ230307A_003	4	0.43221454	chr19	1	622169	5	0	5
DM38	MQ230307A_003	4	0.43221454	chr19	622169	7066363	2	0	2
DM38	MQ230307A_003	4	0.43221454	chr19	7066363	7895598	4	2	6
DM38	MQ230307A_003	4	0.43221454	chr19	7895598	24200001	2	2	4
DM38	MQ230307A_003	4	0.43221454	chr19	28777931	32605847	5	0	5
DM38	MQ230307A_003	4	0.43221454	chr19	32605847	35524895	2	0	2
DM38	MQ230307A_003	4	0.43221454	chr19	35524895	41439938	2	2	4
DM38	MQ230307A_003	4	0.43221454	chr19	41439938	42249007	4	2	6
DM38	MQ230307A_003	4	0.43221454	chr19	42249007	58617617	2	2	4
DM38	MQ230307A_003	4	0.43221454	chr20	1	10386719	4	2	6
DM38	MQ230307A_003	4	0.43221454	chr20	10386719	25600471	2	2	4
DM38	MQ230307A_003	4	0.43221454	chr20	30512137	64444168	4	2	6
DM38	MQ230307A_003	4	0.43221454	chr21	1	10900001	2	2	4
DM38	MQ230307A_003	4	0.43221454	chr21	13000000	46709984	2	0	2
DM38	MQ230307A_003	4	0.43221454	chr22	1	13700001	2	2	4
DM38	MQ230307A_003	4	0.43221454	chr22	17400000	50818469	2	0	2
