Type,CA1033TDNA,MQ220525-017,MQ220525-018,MQ220525-019,MQ220525-020,MQ220525-021,MQ220525-022,MQ220525-023,MQ220525-024,MQ220525-025,MQ220525-026,MQ220525-027,MQ220525-028,MQ220525-029,MQ220525-030,MQ220525-031,MQ220525-032,MQ220801A-001,MQ220801A-002,MQ220801A-003,MQ220801A-004,MQ220801A-005,MQ220801A-006,MQ220801A-007,MQ220801A-008,MQ221103C-001,MQ230307A_001,MQ230307A_002,MQ230307A_003
DEL:C:1:0,3,13,19,11,2,1,1,1,2,0,7,0,0,9,7,0,21,11,9,6,7,1,9,8,14,2,0,5,0
DEL:C:1:1,0,5,5,5,3,4,1,1,2,0,2,0,0,2,2,0,2,2,6,2,5,0,2,2,9,1,0,2,1
DEL:C:1:2,0,4,7,9,5,0,0,0,0,0,3,1,0,6,1,0,4,1,3,3,4,0,3,3,9,2,0,2,0
DEL:C:1:3,0,23,17,20,8,1,1,0,0,0,2,0,0,14,7,2,25,5,8,20,26,0,12,8,22,0,1,4,0
DEL:C:1:4,0,82,89,87,27,0,0,0,0,0,7,0,0,59,30,0,86,16,31,79,32,0,53,51,38,0,17,12,0
DEL:C:1:5+,0,325,314,266,98,7,0,1,0,0,36,0,0,277,139,0,267,88,174,250,74,0,140,207,157,0,55,36,1
DEL:T:1:0,0,14,10,7,6,0,0,0,0,0,3,4,0,7,3,1,15,7,4,2,1,0,4,7,6,2,1,0,0
DEL:T:1:1,0,4,4,2,4,1,0,0,0,0,1,0,0,3,2,0,6,2,1,3,3,0,2,1,5,0,2,1,1
DEL:T:1:2,0,3,1,4,23,1,0,1,0,0,3,0,0,5,1,2,7,2,1,6,11,0,1,2,24,0,0,2,0
DEL:T:1:3,1,29,9,12,93,4,0,0,2,1,12,1,0,13,9,1,19,5,11,22,14,0,16,9,32,0,2,5,0
DEL:T:1:4,1,60,52,26,140,5,1,0,0,0,14,0,0,28,17,1,58,24,28,41,24,0,29,37,41,0,3,9,0
DEL:T:1:5+,4,1171,1127,1087,493,27,0,1,0,0,132,2,0,1073,468,4,1464,867,701,524,376,0,313,717,489,2,97,290,1
INS:C:1:0,2,5,3,4,1,4,0,0,0,0,3,0,0,1,0,1,2,4,3,1,3,0,0,0,4,1,1,1,1
INS:C:1:1,1,0,0,0,1,1,0,0,0,0,2,0,0,1,0,0,1,0,1,0,2,0,0,0,1,0,3,0,0
INS:C:1:2,1,1,0,0,0,1,0,0,0,0,1,0,0,2,1,0,0,0,0,0,0,0,2,1,0,0,2,0,0
INS:C:1:3,0,0,2,2,2,0,0,0,0,0,3,0,0,1,1,0,1,0,3,1,0,0,2,2,2,0,0,1,0
INS:C:1:4,0,10,12,4,4,0,0,0,1,0,6,0,0,12,2,0,10,1,8,13,3,0,8,6,7,0,1,1,0
INS:C:1:5+,2,52,70,79,41,10,0,1,1,0,67,0,0,87,37,1,76,38,54,69,175,1,19,62,64,2,16,12,0
INS:T:1:0,1,4,8,7,13,6,0,0,0,0,7,0,0,4,4,1,4,4,3,3,7,0,2,3,16,0,2,3,1
INS:T:1:1,0,3,2,0,5,2,0,1,0,0,5,0,0,0,3,0,0,3,1,0,2,0,0,0,4,1,1,1,0
INS:T:1:2,0,3,6,3,2,1,0,0,0,1,1,0,0,4,1,0,4,1,6,3,6,0,3,4,7,1,0,0,1
INS:T:1:3,0,1,2,1,9,4,0,0,0,0,5,0,0,3,0,1,2,1,1,1,7,0,3,6,22,0,0,1,0
INS:T:1:4,0,2,7,5,12,11,0,0,0,0,23,0,0,8,1,3,4,4,3,3,24,0,3,5,53,0,2,2,0
INS:T:1:5+,1,108,136,145,126,168,0,2,1,0,316,0,1,159,58,17,153,117,87,79,380,1,30,99,333,4,27,19,6
DEL:repeats:2:0,1,10,9,6,4,0,0,1,0,1,1,0,0,6,2,0,10,6,9,1,2,0,2,7,0,0,0,0,2
DEL:repeats:2:1,0,32,5,11,0,0,1,0,0,0,2,0,0,12,3,0,4,6,4,7,2,0,6,5,8,1,1,0,2
DEL:repeats:2:2,0,7,7,9,6,0,0,0,0,0,0,0,0,7,0,0,8,4,2,1,1,0,2,4,7,0,1,0,0
DEL:repeats:2:3,0,24,19,17,9,0,0,0,0,0,0,0,0,13,2,0,19,6,6,7,1,0,7,3,4,0,2,2,0
DEL:repeats:2:4,0,56,46,31,15,0,0,0,0,0,3,0,0,32,12,0,40,12,19,30,4,0,11,14,6,0,0,1,0
DEL:repeats:2:5+,0,43,38,38,14,0,0,0,0,0,1,0,0,24,10,0,53,17,26,15,3,0,10,17,11,0,2,3,0
DEL:repeats:3:0,0,5,4,3,0,0,0,0,0,0,0,0,0,4,2,0,4,3,2,2,0,0,1,3,0,0,0,0,0
DEL:repeats:3:1,0,37,11,9,5,0,1,0,0,0,0,2,0,26,4,0,14,7,8,15,0,0,9,14,5,1,2,4,3
DEL:repeats:3:2,1,16,7,7,0,0,0,0,0,0,0,0,0,8,3,0,5,2,1,5,0,0,4,2,6,0,1,1,0
DEL:repeats:3:3,0,11,8,3,4,0,0,0,0,0,0,0,0,8,4,0,6,5,2,5,0,0,2,2,0,0,0,0,1
DEL:repeats:3:4,0,3,2,3,0,0,0,0,1,0,0,0,0,4,0,0,2,2,1,2,1,0,0,1,1,0,0,0,0
DEL:repeats:3:5+,0,10,15,13,1,0,0,0,0,0,0,0,0,11,6,0,14,2,8,5,1,0,4,9,2,0,5,0,0
DEL:repeats:4:0,0,0,1,1,0,1,0,0,0,0,0,0,0,1,0,0,2,2,1,1,0,0,1,0,0,0,0,0,2
DEL:repeats:4:1,0,8,1,1,0,0,0,0,0,0,0,0,0,3,2,0,2,1,2,1,0,0,4,2,1,0,1,1,0
DEL:repeats:4:2,0,2,2,1,1,1,0,0,0,0,1,0,0,2,0,0,2,0,1,2,0,0,1,0,0,0,1,0,0
DEL:repeats:4:3,0,2,1,0,0,0,0,0,0,0,0,0,0,0,0,0,0,1,1,0,0,0,1,0,0,0,0,0,0
DEL:repeats:4:4,0,1,0,0,0,0,0,0,0,0,0,0,0,0,0,0,0,0,1,1,0,0,0,0,0,0,0,0,0
DEL:repeats:4:5+,0,1,1,0,0,0,0,0,0,0,0,0,0,1,0,0,0,0,1,0,0,0,1,1,1,0,0,0,0
DEL:repeats:5+:0,0,1,1,4,0,0,0,0,0,1,0,0,0,1,0,0,1,0,0,1,0,0,0,0,0,0,0,0,0
DEL:repeats:5+:1,1,5,0,2,0,0,0,0,0,0,1,0,1,3,0,0,2,1,1,3,0,0,0,3,1,0,0,0,0
DEL:repeats:5+:2,0,4,0,2,0,0,0,0,1,1,0,0,0,2,2,0,1,1,0,2,0,0,1,2,0,0,1,0,0
DEL:repeats:5+:3,0,1,0,1,0,0,0,0,0,1,0,0,0,1,1,2,1,0,0,0,0,0,0,1,1,0,0,0,0
DEL:repeats:5+:4,0,1,0,0,0,0,0,0,0,0,0,0,0,1,0,0,1,0,1,0,0,0,0,0,0,0,0,0,1
DEL:repeats:5+:5+,0,0,0,1,0,0,0,0,0,0,0,0,0,0,1,0,1,0,0,1,0,0,0,0,0,0,0,0,0
INS:repeats:2:0,0,2,2,2,3,0,0,0,1,0,2,0,0,0,1,0,0,3,0,1,4,0,0,1,2,0,0,0,0
INS:repeats:2:1,0,0,0,0,0,0,0,0,0,0,0,0,0,1,0,0,0,2,0,0,0,0,0,0,0,0,0,0,0
INS:repeats:2:2,0,0,0,0,0,0,0,0,0,0,0,0,0,0,0,0,2,0,0,0,0,0,0,0,0,0,1,0,0
INS:repeats:2:3,0,2,1,0,1,0,0,0,0,0,0,0,0,1,0,0,0,0,1,0,0,0,0,1,1,0,0,0,0
INS:repeats:2:4,0,1,2,2,1,0,0,0,0,0,2,0,0,8,1,0,2,2,0,2,4,0,0,2,5,0,0,1,0
INS:repeats:2:5+,1,3,9,9,0,0,0,0,0,0,4,0,0,9,5,0,10,8,5,0,4,0,0,6,4,0,1,3,0
INS:repeats:3:0,0,0,2,0,0,1,0,0,0,0,0,0,0,1,1,0,1,1,1,0,0,0,1,2,0,0,0,0,0
INS:repeats:3:1,0,0,1,0,0,0,0,0,0,1,0,0,0,0,0,0,0,0,0,0,1,0,0,0,0,0,0,0,0
INS:repeats:3:2,0,0,1,0,0,0,0,0,0,0,0,0,0,0,0,0,2,1,0,0,0,0,1,0,0,0,0,1,1
INS:repeats:3:3,0,0,0,0,0,0,0,0,0,0,0,0,0,1,0,0,0,0,0,0,0,0,0,0,0,0,0,0,0
INS:repeats:3:4,0,0,1,1,0,0,0,0,0,0,0,0,0,1,1,0,0,0,0,1,0,0,0,0,0,0,1,0,0
INS:repeats:3:5+,0,9,4,3,1,0,0,0,0,0,1,0,0,5,3,0,3,2,1,1,0,0,1,2,3,0,1,2,0
INS:repeats:4:0,3,0,0,0,0,2,0,0,0,0,1,0,0,0,0,2,1,1,0,0,1,0,0,0,1,0,0,0,0
INS:repeats:4:1,0,0,0,1,0,0,0,0,0,0,1,0,0,0,0,0,0,1,0,0,0,0,0,0,1,1,0,0,0
INS:repeats:4:2,0,0,0,0,0,0,0,0,0,0,0,0,0,0,0,0,0,0,0,0,0,0,0,0,0,0,0,0,0
INS:repeats:4:3,0,0,0,0,0,0,0,0,0,0,0,0,0,1,0,0,0,0,0,0,0,0,0,0,0,0,0,0,0
INS:repeats:4:4,0,0,0,0,0,0,0,0,0,0,0,0,0,0,1,0,0,0,0,0,0,0,0,0,0,0,0,0,0
INS:repeats:4:5+,0,0,0,1,0,0,0,0,0,0,0,0,0,0,0,0,2,0,0,0,0,0,0,1,0,1,0,0,0
INS:repeats:5+:0,0,1,1,1,0,2,0,0,0,0,1,0,0,1,1,1,0,5,0,0,4,0,2,0,9,0,0,0,0
INS:repeats:5+:1,0,2,1,0,0,0,0,0,0,1,0,0,0,0,0,0,2,0,0,0,0,1,0,0,1,2,0,0,0
INS:repeats:5+:2,0,0,1,2,0,0,0,0,0,0,0,0,1,0,0,0,1,0,0,0,0,0,0,0,0,0,0,0,0
INS:repeats:5+:3,0,0,0,0,0,0,0,0,0,0,0,0,0,0,0,0,1,0,0,0,0,0,0,0,0,0,0,0,0
INS:repeats:5+:4,0,0,1,0,0,0,0,0,0,0,0,0,0,0,0,0,0,0,0,0,0,0,0,0,0,0,0,0,0
INS:repeats:5+:5+,0,0,0,0,0,0,0,0,0,0,0,0,0,0,0,0,0,0,0,0,0,0,0,0,0,0,0,0,0
DEL:MH:2:1,0,20,10,10,3,1,0,0,1,0,3,0,1,20,12,1,10,6,2,7,7,0,9,12,0,1,2,3,2
DEL:MH:3:1,0,3,1,1,0,0,0,0,0,0,0,0,0,6,2,0,1,1,1,1,0,0,0,1,0,0,0,0,1
DEL:MH:3:2,0,14,3,10,3,0,0,0,0,0,2,0,0,13,2,0,8,6,9,1,1,0,10,6,6,0,3,0,1
DEL:MH:4:1,0,3,3,1,1,0,0,0,1,0,0,0,0,1,1,0,4,2,0,1,0,0,0,0,0,0,0,0,0
DEL:MH:4:2,0,2,1,0,0,1,0,0,0,0,0,0,0,5,0,0,4,1,1,1,0,0,2,1,0,0,2,0,1
DEL:MH:4:3,0,8,4,0,0,0,0,0,0,0,1,0,0,7,0,0,3,1,0,2,0,0,2,1,1,0,0,0,0
DEL:MH:5+:1,0,4,1,1,0,0,0,0,1,1,1,0,0,4,0,0,7,2,3,1,0,1,1,1,0,0,2,0,0
DEL:MH:5+:2,0,0,0,2,0,0,0,0,1,0,1,0,1,1,0,2,1,1,0,1,3,1,0,1,1,0,0,1,0
DEL:MH:5+:3,0,1,2,3,1,0,0,0,0,0,0,0,0,1,0,0,1,1,1,0,1,0,2,2,0,0,1,0,1
DEL:MH:5+:4,1,0,0,0,0,0,0,0,0,0,1,1,0,1,1,0,0,0,1,1,2,0,0,0,0,0,0,0,0
DEL:MH:5+:5+,0,5,3,3,1,0,0,0,1,0,1,0,0,0,0,0,3,1,0,2,0,0,1,2,1,0,0,2,0
