Supplementary table S1. Global mapping quality of the study data.,,,,,,,,
Patient ID,"Tissue
type",Fastq ID,"Num of
reads","Num of
mapped reads","Mapping
quality","GC ratio
(%)",Dup rate,"Mean cov
per exome"
CA1033T,Normal,CA1033gDNA,69033923,69013966,57.3287,54.02,45.03,30.2578
CA1033T,Tumor,CA1033TDNA,202514967,202327830,57.5636,55.69,57.52,94.272
DM01,Normal,MQ220801A-009,125343631,125274060,56.2947,55.29,54.57,69.4273
DM01,Tumor,MQ220801A-001,170061853,169943713,56.3012,56.01,61.3,92.5744
DM03,Normal,MQ220801A-010,109567655,109497658,56.1554,54.91,51.41,57.5319
DM03,Tumor,MQ220801A-002,180614929,180492549,56.2889,55.52,62.48,98.1236
DM04,Normal,MQ220525-001,66160339,66101459,56.045,56.86,42.07,34.111
DM04,Tumor,MQ220525-017,99918362,99836248,56.045,54.27,49.76,53.1385
DM05,Normal,MQ220801A-014,91591036,91533970,55.6914,54.12,47.97,46.1392
DM05,Tumor,MQ220801A-006,131713782,131608061,55.8155,56.83,55.16,66.8791
DM06,Normal,MQ220525-002,74476248,74427635,56.2851,56.65,42.87,39.6708
DM06,Tumor,MQ220525-018,100215035,100138636,55.8918,55.36,49.69,53.5481
DM08,Normal,MQ220525-003,76628461,76566814,56.2949,56.07,43.63,41.4268
DM08,Tumor,MQ220525-019,147554093,147447545,56.4242,54.8,57.43,80.8669
DM09,Normal,MQ220525-004,76998501,76928610,56.0322,57.45,44.39,39.3785
DM09,Tumor,MQ220525-020,79193042,79124627,55.7238,55.59,45.83,40.4129
DM10,Normal,MQ220525-005,93364667,93302755,56.5213,56.97,47.42,51.6219
DM10,Tumor,MQ220525-021,167611064,167497676,56.4857,57.63,58.99,96.6813
DM11,Normal,MQ220525-006,72541846,72474539,55.7643,57.31,45.08,36.3719
DM11,Tumor,MQ220525-022,76187805,76117826,55.3031,58.23,47.16,38.1297
DM12,Normal,MQ220525-007,79269331,79221556,56.4306,56.14,44.03,42.9842
DM12,Tumor,MQ220525-023,132881718,132788610,56.4267,55.08,54.82,74.4496
DM13,Normal,MQ220525-008,88371915,88288572,56.3986,54.67,46.38,46.9109
DM13,Tumor,MQ220525-024,161583041,161475475,56.6975,57.07,58.06,93.4369
DM14,Normal,MQ220525-009,123296677,123228560,57.0051,56.14,52.73,72.5731
DM14,Tumor,MQ220525-025,159332346,159236507,56.8903,57.44,56.65,92.3375
DM15,Normal,MQ220525-010,121150144,121070694,56.7508,57.64,52.46,69.7317
DM15,Tumor,MQ220525-026,182549131,182434465,56.9139,56.41,60.13,106.1146
DM16,Normal,MQ220525-011,73834293,73797319,56.5894,53.61,41.71,41.2365
DM16,Tumor,MQ220525-027,83369057,83310284,56.1959,54.41,45.38,45.6632
DM17,Normal,MQ220525-012,70742263,70698426,55.777,54.55,42.8,36.5236
DM17,Tumor,MQ220525-028,76787582,76716939,55.3364,57.45,44.21,36.4185
DM18,Normal,MQ220801A-011,99462347,99407032,56.0068,54.31,49.78,52.1244
DM18,Tumor,MQ220801A-003,112089027,111962606,55.0297,57.41,53.96,51.7898
DM20,Normal,MQ220525-013,66059292,66008671,55.6791,55.83,41.71,33.6076
DM20,Tumor,MQ220525-029,111988866,111898642,56.4147,55.52,51.02,62.3898
DM21,Normal,MQ220525-014,71248359,71205843,56.2064,53.61,41.54,38.6962
DM21,Tumor,MQ220525-030,92102689,92030251,56.0217,56.63,47.24,49.8083
DM22,Normal,MQ220525-015,84516076,84466639,56.2497,54.69,45.41,46.645
DM22,Tumor,MQ220525-031,130449587,130364970,56.4404,57.62,53.33,73.4418
DM23,Normal,MQ220525-016,120687801,120626551,56.8381,55.63,52.38,69.9394
DM23,Tumor,MQ220525-032,115340549,115277059,56.9901,52.34,50.21,64.0329
DM24,Normal,MQ220801A-012,141034348,140955487,56.4484,54.09,56.68,77.7724
DM24,Tumor,MQ220801A-004,225060697,224947879,56.7266,55.48,65.59,127.335
DM27,Normal,MQ220801A-013,76089004,76011358,54.3904,57.74,48.12,31.9872
DM27,Tumor,MQ220801A-005,107832222,107673456,54.6771,59.23,53.38,46.5352
DM32,Normal,MQ220801A-015,117082821,117008884,55.8516,53.57,51.72,59.8112
DM32,Tumor,MQ220801A-007,155594151,155506820,56.2451,56.66,57.03,82.5442
DM33,Normal,MQ220801A-016,127844004,127757766,56.3587,57.09,55.25,71.8807
DM33,Tumor,MQ220801A-008,211885536,211765102,56.3496,57.15,63.25,115.2915
DM35,Normal,MQ221103C-002,90218713,90039898,56.9916,54.22,44.05,50.8094
DM35,Tumor,MQ221103C-001,183357162,182932511,57.0206,56.22,59.41,102.6248
DM36,Normal,MQ220831_004,167098157,167033048,57.4051,53.21,56.99,90.4699
DM36,Tumor,MQ230307A_001,93729859,93608771,54.882,58.67,48.38,40.133
DM37,Normal,MQ230213_003,121430383,121377654,57.331,54.64,49.54,65.4226
DM37,Tumor,MQ230307A_002,186743232,186641871,56.9891,55.38,60.18,102.5741
DM38,Normal,MQ230213_005,128012296,127962477,57.3599,54.92,50.86,69.9641
DM38,Tumor,MQ230307A_003,306076336,305892415,57.2376,56.44,68.76,173.1044
